AAIC	https://www.morningstar.com/stocks/xnys/aaic/financials
AB	https://www.morningstar.com/stocks/xnys/ab/financials
AC	https://www.morningstar.com/stocks/xnys/ac/financials
ACND	https://www.morningstar.com/stocks/xnys/acnd/financials
ACP	https://www.morningstar.com/stocks/xnys/acp/financials
ACV	https://www.morningstar.com/stocks/xnys/acv/financials
ADS	https://www.morningstar.com/stocks/xnys/ads/financials
ADX	https://www.morningstar.com/stocks/xnys/adx/financials
AEL	https://www.morningstar.com/stocks/xnys/ael/financials
AFB	https://www.morningstar.com/stocks/xnys/afb/financials
AFG	https://www.morningstar.com/stocks/xnys/afg/financials
AFGB	https://www.morningstar.com/stocks/xnys/afgb/financials
AFGC	https://www.morningstar.com/stocks/xnys/afgc/financials
AFL	https://www.morningstar.com/stocks/xnys/afl/financials
AGD	https://www.morningstar.com/stocks/xnys/agd/financials
AGM	https://www.morningstar.com/stocks/xnys/agm/financials
AIG	https://www.morningstar.com/stocks/xnys/aig/financials
AIW	https://www.morningstar.com/stocks/xnys/aiw/financials
AIZ	https://www.morningstar.com/stocks/xnys/aiz/financials
AIZN	https://www.morningstar.com/stocks/xnys/aizn/financials
AJAX	https://www.morningstar.com/stocks/xnys/ajax/financials
AJG	https://www.morningstar.com/stocks/xnys/ajg/financials
ALL	https://www.morningstar.com/stocks/xnys/all/financials
ALLY	https://www.morningstar.com/stocks/xnys/ally/financials
AMBC	https://www.morningstar.com/stocks/xnys/ambc/financials
AMG	https://www.morningstar.com/stocks/xnys/amg/financials
AMK	https://www.morningstar.com/stocks/xnys/amk/financials
AMP	https://www.morningstar.com/stocks/xnys/amp/financials
AMT	https://www.morningstar.com/stocks/xnys/amt/financials
AOD	https://www.morningstar.com/stocks/xnys/aod/financials
AON	https://www.morningstar.com/stocks/xnys/aon/financials
AONE	https://www.morningstar.com/stocks/xnys/aone/financials
APAM	https://www.morningstar.com/stocks/xnys/apam/financials
APO	https://www.morningstar.com/stocks/xnys/apo/financials
APSG	https://www.morningstar.com/stocks/xnys/apsg/financials
ARDC	https://www.morningstar.com/stocks/xnys/ardc/financials
ASB	https://www.morningstar.com/stocks/xnys/asb/financials
ASG	https://www.morningstar.com/stocks/xnys/asg/financials
AVK	https://www.morningstar.com/stocks/xnys/avk/financials
AWF	https://www.morningstar.com/stocks/xnys/awf/financials
AWP	https://www.morningstar.com/stocks/xnys/awp/financials
AX	https://www.morningstar.com/stocks/xnys/ax/financials
AXP	https://www.morningstar.com/stocks/xnys/axp/financials
BAC	https://www.morningstar.com/stocks/xnys/bac/financials
BANC	https://www.morningstar.com/stocks/xnys/banc/financials
BBDC	https://www.morningstar.com/stocks/xnys/bbdc/financials
BBN	https://www.morningstar.com/stocks/xnys/bbn/financials
BCAT	https://www.morningstar.com/stocks/xnys/bcat/financials
BCSF	https://www.morningstar.com/stocks/xnys/bcsf/financials
BCX	https://www.morningstar.com/stocks/xnys/bcx/financials
BDJ	https://www.morningstar.com/stocks/xnys/bdj/financials
BEN	https://www.morningstar.com/stocks/xnys/ben/financials
BFK	https://www.morningstar.com/stocks/xnys/bfk/financials
BFZ	https://www.morningstar.com/stocks/xnys/bfz/financials
BGH	https://www.morningstar.com/stocks/xnys/bgh/financials
BGIO	https://www.morningstar.com/stocks/xnys/bgio/financials
BGR	https://www.morningstar.com/stocks/xnys/bgr/financials
BGT	https://www.morningstar.com/stocks/xnys/bgt/financials
BGY	https://www.morningstar.com/stocks/xnys/bgy/financials
BHK	https://www.morningstar.com/stocks/xnys/bhk/financials
BHLB	https://www.morningstar.com/stocks/xnys/bhlb/financials
BHV	https://www.morningstar.com/stocks/xnys/bhv/financials
BIF	https://www.morningstar.com/stocks/xnys/bif/financials
BK	https://www.morningstar.com/stocks/xnys/bk/financials
BKN	https://www.morningstar.com/stocks/xnys/bkn/financials
BKT	https://www.morningstar.com/stocks/xnys/bkt/financials
BKU	https://www.morningstar.com/stocks/xnys/bku/financials
BLE	https://www.morningstar.com/stocks/xnys/ble/financials
BLK	https://www.morningstar.com/stocks/xnys/blk/financials
BLW	https://www.morningstar.com/stocks/xnys/blw/financials
BME	https://www.morningstar.com/stocks/xnys/bme/financials
BNY	https://www.morningstar.com/stocks/xnys/bny/financials
BOAC	https://www.morningstar.com/stocks/xnys/boac/financials
BOE	https://www.morningstar.com/stocks/xnys/boe/financials
BOH	https://www.morningstar.com/stocks/xnys/boh/financials
BRO	https://www.morningstar.com/stocks/xnys/bro/financials
BRW	https://www.morningstar.com/stocks/xnys/brw/financials
BSL	https://www.morningstar.com/stocks/xnys/bsl/financials
BST	https://www.morningstar.com/stocks/xnys/bst/financials
BTA	https://www.morningstar.com/stocks/xnys/bta/financials
BTO	https://www.morningstar.com/stocks/xnys/bto/financials
BTT	https://www.morningstar.com/stocks/xnys/btt/financials
BTZ	https://www.morningstar.com/stocks/xnys/btz/financials
BUI	https://www.morningstar.com/stocks/xnys/bui/financials
BVH	https://www.morningstar.com/stocks/xnys/bvh/financials
BWG	https://www.morningstar.com/stocks/xnys/bwg/financials
BX	https://www.morningstar.com/stocks/xnys/bx/financials
BXMX	https://www.morningstar.com/stocks/xnys/bxmx/financials
BXS	https://www.morningstar.com/stocks/xnys/bxs/financials
BY	https://www.morningstar.com/stocks/xnys/by/financials
BYM	https://www.morningstar.com/stocks/xnys/bym/financials
C	https://www.morningstar.com/stocks/xnys/c/financials
CADE	https://www.morningstar.com/stocks/xnys/cade/financials
CAF	https://www.morningstar.com/stocks/xnys/caf/financials
CBH	https://www.morningstar.com/stocks/xnys/cbh/financials
CBRE	https://www.morningstar.com/stocks/xnys/cbre/financials
CBU	https://www.morningstar.com/stocks/xnys/cbu/financials
CEE	https://www.morningstar.com/stocks/xnys/cee/financials
CEM	https://www.morningstar.com/stocks/xnys/cem/financials
CEN	https://www.morningstar.com/stocks/xnys/cen/financials
CFG	https://www.morningstar.com/stocks/xnys/cfg/financials
CFR	https://www.morningstar.com/stocks/xnys/cfr/financials
CHN	https://www.morningstar.com/stocks/xnys/chn/financials
CIA	https://www.morningstar.com/stocks/xnys/cia/financials
CIF	https://www.morningstar.com/stocks/xnys/cif/financials
CII	https://www.morningstar.com/stocks/xnys/cii/financials
CIT	https://www.morningstar.com/stocks/xnys/cit/financials
CMA	https://www.morningstar.com/stocks/xnys/cma/financials
CMU	https://www.morningstar.com/stocks/xnys/cmu/financials
CNA	https://www.morningstar.com/stocks/xnys/cna/financials
CNO	https://www.morningstar.com/stocks/xnys/cno/financials
CNS	https://www.morningstar.com/stocks/xnys/cns/financials
COF	https://www.morningstar.com/stocks/xnys/cof/financials
COLD	https://www.morningstar.com/stocks/xnys/cold/financials
CPF	https://www.morningstar.com/stocks/xnys/cpf/financials
CRHC	https://www.morningstar.com/stocks/xnys/crhc/financials
CTAC	https://www.morningstar.com/stocks/xnys/ctac/financials
CTR	https://www.morningstar.com/stocks/xnys/ctr/financials
CUBB	https://www.morningstar.com/stocks/xnys/cubb/financials
CUBI	https://www.morningstar.com/stocks/xnys/cubi/financials
CXE	https://www.morningstar.com/stocks/xnys/cxe/financials
CXH	https://www.morningstar.com/stocks/xnys/cxh/financials
DDF	https://www.morningstar.com/stocks/xnys/ddf/financials
DEX	https://www.morningstar.com/stocks/xnys/dex/financials
DFS	https://www.morningstar.com/stocks/xnys/dfs/financials
DGNR	https://www.morningstar.com/stocks/xnys/dgnr/financials
DHF	https://www.morningstar.com/stocks/xnys/dhf/financials
DMO	https://www.morningstar.com/stocks/xnys/dmo/financials
DNP	https://www.morningstar.com/stocks/xnys/dnp/financials
DPG	https://www.morningstar.com/stocks/xnys/dpg/financials
DSM	https://www.morningstar.com/stocks/xnys/dsm/financials
DSU	https://www.morningstar.com/stocks/xnys/dsu/financials
DTF	https://www.morningstar.com/stocks/xnys/dtf/financials
ECC	https://www.morningstar.com/stocks/xnys/ecc/financials
ECCB	https://www.morningstar.com/stocks/xnys/eccb/financials
ECCC	https://www.morningstar.com/stocks/xnys/eccc/financials
ECCW	https://www.morningstar.com/stocks/xnys/eccw/financials
ECCX	https://www.morningstar.com/stocks/xnys/eccx/financials
ECCY	https://www.morningstar.com/stocks/xnys/eccy/financials
EDD	https://www.morningstar.com/stocks/xnys/edd/financials
EDF	https://www.morningstar.com/stocks/xnys/edf/financials
EDI	https://www.morningstar.com/stocks/xnys/edi/financials
EEA	https://www.morningstar.com/stocks/xnys/eea/financials
EFC	https://www.morningstar.com/stocks/xnys/efc/financials
EFL	https://www.morningstar.com/stocks/xnys/efl/financials
EFR	https://www.morningstar.com/stocks/xnys/efr/financials
EFT	https://www.morningstar.com/stocks/xnys/eft/financials
EGF	https://www.morningstar.com/stocks/xnys/egf/financials
EHI	https://www.morningstar.com/stocks/xnys/ehi/financials
EIG	https://www.morningstar.com/stocks/xnys/eig/financials
ELVT	https://www.morningstar.com/stocks/xnys/elvt/financials
EMD	https://www.morningstar.com/stocks/xnys/emd/financials
EMF	https://www.morningstar.com/stocks/xnys/emf/financials
EMO	https://www.morningstar.com/stocks/xnys/emo/financials
ENVA	https://www.morningstar.com/stocks/xnys/enva/financials
EOD	https://www.morningstar.com/stocks/xnys/eod/financials
EOT	https://www.morningstar.com/stocks/xnys/eot/financials
EQS	https://www.morningstar.com/stocks/xnys/eqs/financials
ETB	https://www.morningstar.com/stocks/xnys/etb/financials
ETG	https://www.morningstar.com/stocks/xnys/etg/financials
ETJ	https://www.morningstar.com/stocks/xnys/etj/financials
ETO	https://www.morningstar.com/stocks/xnys/eto/financials
ETV	https://www.morningstar.com/stocks/xnys/etv/financials
ETW	https://www.morningstar.com/stocks/xnys/etw/financials
ETY	https://www.morningstar.com/stocks/xnys/ety/financials
EVF	https://www.morningstar.com/stocks/xnys/evf/financials
EVG	https://www.morningstar.com/stocks/xnys/evg/financials
EVN	https://www.morningstar.com/stocks/xnys/evn/financials
EVR	https://www.morningstar.com/stocks/xnys/evr/financials
EVT	https://www.morningstar.com/stocks/xnys/evt/financials
EXD	https://www.morningstar.com/stocks/xnys/exd/financials
EXG	https://www.morningstar.com/stocks/xnys/exg/financials
FAF	https://www.morningstar.com/stocks/xnys/faf/financials
FAM	https://www.morningstar.com/stocks/xnys/fam/financials
FBC	https://www.morningstar.com/stocks/xnys/fbc/financials
FBK	https://www.morningstar.com/stocks/xnys/fbk/financials
FCF	https://www.morningstar.com/stocks/xnys/fcf/financials
FCT	https://www.morningstar.com/stocks/xnys/fct/financials
FEO	https://www.morningstar.com/stocks/xnys/feo/financials
FFA	https://www.morningstar.com/stocks/xnys/ffa/financials
FGB	https://www.morningstar.com/stocks/xnys/fgb/financials
FHI	https://www.morningstar.com/stocks/xnys/fhi/financials
FHN	https://www.morningstar.com/stocks/xnys/fhn/financials
FIF	https://www.morningstar.com/stocks/xnys/fif/financials
FINV	https://www.morningstar.com/stocks/xnys/finv/financials
FIV	https://www.morningstar.com/stocks/xnys/fiv/financials
FLC	https://www.morningstar.com/stocks/xnys/flc/financials
FMN	https://www.morningstar.com/stocks/xnys/fmn/financials
FMO	https://www.morningstar.com/stocks/xnys/fmo/financials
FMY	https://www.morningstar.com/stocks/xnys/fmy/financials
FNB	https://www.morningstar.com/stocks/xnys/fnb/financials
FNF	https://www.morningstar.com/stocks/xnys/fnf/financials
FOF	https://www.morningstar.com/stocks/xnys/fof/financials
FOR	https://www.morningstar.com/stocks/xnys/for/financials
FRA	https://www.morningstar.com/stocks/xnys/fra/financials
FRC	https://www.morningstar.com/stocks/xnys/frc/financials
FT	https://www.morningstar.com/stocks/xnys/ft/financials
FTHY	https://www.morningstar.com/stocks/xnys/fthy/financials
GAB	https://www.morningstar.com/stocks/xnys/gab/financials
GAM	https://www.morningstar.com/stocks/xnys/gam/financials
GBAB	https://www.morningstar.com/stocks/xnys/gbab/financials
GBL	https://www.morningstar.com/stocks/xnys/gbl/financials
GCV	https://www.morningstar.com/stocks/xnys/gcv/financials
GDL	https://www.morningstar.com/stocks/xnys/gdl/financials
GDO	https://www.morningstar.com/stocks/xnys/gdo/financials
GDV	https://www.morningstar.com/stocks/xnys/gdv/financials
GF	https://www.morningstar.com/stocks/xnys/gf/financials
GGT	https://www.morningstar.com/stocks/xnys/ggt/financials
GHL	https://www.morningstar.com/stocks/xnys/ghl/financials
GHY	https://www.morningstar.com/stocks/xnys/ghy/financials
GIM	https://www.morningstar.com/stocks/xnys/gim/financials
GJS	https://www.morningstar.com/stocks/xnys/gjs/financials
GL	https://www.morningstar.com/stocks/xnys/gl/financials
GNPK	https://www.morningstar.com/stocks/xnys/gnpk/financials
GNT	https://www.morningstar.com/stocks/xnys/gnt/financials
GNW	https://www.morningstar.com/stocks/xnys/gnw/financials
GOF	https://www.morningstar.com/stocks/xnys/gof/financials
GRX	https://www.morningstar.com/stocks/xnys/grx/financials
GS	https://www.morningstar.com/stocks/xnys/gs/financials
GSAH	https://www.morningstar.com/stocks/xnys/gsah/financials
GSBD	https://www.morningstar.com/stocks/xnys/gsbd/financials
GTS	https://www.morningstar.com/stocks/xnys/gts/financials
GUT	https://www.morningstar.com/stocks/xnys/gut/financials
GWB	https://www.morningstar.com/stocks/xnys/gwb/financials
HCI	https://www.morningstar.com/stocks/xnys/hci/financials
HCXY	https://www.morningstar.com/stocks/xnys/hcxy/financials
HCXZ	https://www.morningstar.com/stocks/xnys/hcxz/financials
HEQ	https://www.morningstar.com/stocks/xnys/heq/financials
HGH	https://www.morningstar.com/stocks/xnys/hgh/financials
HIE	https://www.morningstar.com/stocks/xnys/hie/financials
HIG	https://www.morningstar.com/stocks/xnys/hig/financials
HIGA	https://www.morningstar.com/stocks/xnys/higa/financials
HIO	https://www.morningstar.com/stocks/xnys/hio/financials
HIX	https://www.morningstar.com/stocks/xnys/hix/financials
HLI	https://www.morningstar.com/stocks/xnys/hli/financials
HMN	https://www.morningstar.com/stocks/xnys/hmn/financials
HPF	https://www.morningstar.com/stocks/xnys/hpf/financials
HPI	https://www.morningstar.com/stocks/xnys/hpi/financials
HPS	https://www.morningstar.com/stocks/xnys/hps/financials
HPX	https://www.morningstar.com/stocks/xnys/hpx/financials
HQH	https://www.morningstar.com/stocks/xnys/hqh/financials
HQL	https://www.morningstar.com/stocks/xnys/hql/financials
HTD	https://www.morningstar.com/stocks/xnys/htd/financials
HTFB	https://www.morningstar.com/stocks/xnys/htfb/financials
HTGC	https://www.morningstar.com/stocks/xnys/htgc/financials
HTH	https://www.morningstar.com/stocks/xnys/hth/financials
HTY	https://www.morningstar.com/stocks/xnys/hty/financials
HYB	https://www.morningstar.com/stocks/xnys/hyb/financials
HYT	https://www.morningstar.com/stocks/xnys/hyt/financials
HZAC	https://www.morningstar.com/stocks/xnys/hzac/financials
HZON	https://www.morningstar.com/stocks/xnys/hzon/financials
IAE	https://www.morningstar.com/stocks/xnys/iae/financials
IDE	https://www.morningstar.com/stocks/xnys/ide/financials
IFN	https://www.morningstar.com/stocks/xnys/ifn/financials
IGA	https://www.morningstar.com/stocks/xnys/iga/financials
IGD	https://www.morningstar.com/stocks/xnys/igd/financials
IGI	https://www.morningstar.com/stocks/xnys/igi/financials
IGR	https://www.morningstar.com/stocks/xnys/igr/financials
IHC	https://www.morningstar.com/stocks/xnys/ihc/financials
IHD	https://www.morningstar.com/stocks/xnys/ihd/financials
IHIT	https://www.morningstar.com/stocks/xnys/ihit/financials
IIF	https://www.morningstar.com/stocks/xnys/iif/financials
IIM	https://www.morningstar.com/stocks/xnys/iim/financials
INSI	https://www.morningstar.com/stocks/xnys/insi/financials
IPOD	https://www.morningstar.com/stocks/xnys/ipod/financials
IPOF	https://www.morningstar.com/stocks/xnys/ipof/financials
IQI	https://www.morningstar.com/stocks/xnys/iqi/financials
IRL	https://www.morningstar.com/stocks/xnys/irl/financials
ISD	https://www.morningstar.com/stocks/xnys/isd/financials
IT	https://www.morningstar.com/stocks/xnys/it/financials
IVZ	https://www.morningstar.com/stocks/xnys/ivz/financials
JBK	https://www.morningstar.com/stocks/xnys/jbk/financials
JCE	https://www.morningstar.com/stocks/xnys/jce/financials
JCO	https://www.morningstar.com/stocks/xnys/jco/financials
JDD	https://www.morningstar.com/stocks/xnys/jdd/financials
JEF	https://www.morningstar.com/stocks/xnys/jef/financials
JEQ	https://www.morningstar.com/stocks/xnys/jeq/financials
JFR	https://www.morningstar.com/stocks/xnys/jfr/financials
JGH	https://www.morningstar.com/stocks/xnys/jgh/financials
JHI	https://www.morningstar.com/stocks/xnys/jhi/financials
JHS	https://www.morningstar.com/stocks/xnys/jhs/financials
JLL	https://www.morningstar.com/stocks/xnys/jll/financials
JLS	https://www.morningstar.com/stocks/xnys/jls/financials
JMM	https://www.morningstar.com/stocks/xnys/jmm/financials
JMP	https://www.morningstar.com/stocks/xnys/jmp/financials
JOF	https://www.morningstar.com/stocks/xnys/jof/financials
JPC	https://www.morningstar.com/stocks/xnys/jpc/financials
JPM	https://www.morningstar.com/stocks/xnys/jpm/financials
JPS	https://www.morningstar.com/stocks/xnys/jps/financials
JPT	https://www.morningstar.com/stocks/xnys/jpt/financials
JQC	https://www.morningstar.com/stocks/xnys/jqc/financials
JRI	https://www.morningstar.com/stocks/xnys/jri/financials
JRO	https://www.morningstar.com/stocks/xnys/jro/financials
JRS	https://www.morningstar.com/stocks/xnys/jrs/financials
JSD	https://www.morningstar.com/stocks/xnys/jsd/financials
JTA	https://www.morningstar.com/stocks/xnys/jta/financials
JTD	https://www.morningstar.com/stocks/xnys/jtd/financials
KEY	https://www.morningstar.com/stocks/xnys/key/financials
KF	https://www.morningstar.com/stocks/xnys/kf/financials
KKR	https://www.morningstar.com/stocks/xnys/kkr/financials
KMPR	https://www.morningstar.com/stocks/xnys/kmpr/financials
KSM	https://www.morningstar.com/stocks/xnys/ksm/financials
KTF	https://www.morningstar.com/stocks/xnys/ktf/financials
KTH	https://www.morningstar.com/stocks/xnys/kth/financials
KYN	https://www.morningstar.com/stocks/xnys/kyn/financials
L	https://www.morningstar.com/stocks/xnys/l/financials
LC	https://www.morningstar.com/stocks/xnys/lc/financials
LDP	https://www.morningstar.com/stocks/xnys/ldp/financials
LEAP	https://www.morningstar.com/stocks/xnys/leap/financials
LEO	https://www.morningstar.com/stocks/xnys/leo/financials
LMND	https://www.morningstar.com/stocks/xnys/lmnd/financials
LNC	https://www.morningstar.com/stocks/xnys/lnc/financials
LNFA	https://www.morningstar.com/stocks/xnys/lnfa/financials
MAIN	https://www.morningstar.com/stocks/xnys/main/financials
MAV	https://www.morningstar.com/stocks/xnys/mav/financials
MBI	https://www.morningstar.com/stocks/xnys/mbi/financials
MCA	https://www.morningstar.com/stocks/xnys/mca/financials
MCI	https://www.morningstar.com/stocks/xnys/mci/financials
MCR	https://www.morningstar.com/stocks/xnys/mcr/financials
MCY	https://www.morningstar.com/stocks/xnys/mcy/financials
MDLY	https://www.morningstar.com/stocks/xnys/mdly/financials
MET	https://www.morningstar.com/stocks/xnys/met/financials
MFD	https://www.morningstar.com/stocks/xnys/mfd/financials
MFL	https://www.morningstar.com/stocks/xnys/mfl/financials
MFM	https://www.morningstar.com/stocks/xnys/mfm/financials
MFV	https://www.morningstar.com/stocks/xnys/mfv/financials
MGF	https://www.morningstar.com/stocks/xnys/mgf/financials
MGR	https://www.morningstar.com/stocks/xnys/mgr/financials
MGRB	https://www.morningstar.com/stocks/xnys/mgrb/financials
MGU	https://www.morningstar.com/stocks/xnys/mgu/financials
MHD	https://www.morningstar.com/stocks/xnys/mhd/financials
MHF	https://www.morningstar.com/stocks/xnys/mhf/financials
MHI	https://www.morningstar.com/stocks/xnys/mhi/financials
MHN	https://www.morningstar.com/stocks/xnys/mhn/financials
MIN	https://www.morningstar.com/stocks/xnys/min/financials
MIY	https://www.morningstar.com/stocks/xnys/miy/financials
MKL	https://www.morningstar.com/stocks/xnys/mkl/financials
MLP	https://www.morningstar.com/stocks/xnys/mlp/financials
MMC	https://www.morningstar.com/stocks/xnys/mmc/financials
MMD	https://www.morningstar.com/stocks/xnys/mmd/financials
MMT	https://www.morningstar.com/stocks/xnys/mmt/financials
MMU	https://www.morningstar.com/stocks/xnys/mmu/financials
MN	https://www.morningstar.com/stocks/xnys/mn/financials
MNP	https://www.morningstar.com/stocks/xnys/mnp/financials
MPA	https://www.morningstar.com/stocks/xnys/mpa/financials
MPV	https://www.morningstar.com/stocks/xnys/mpv/financials
MQT	https://www.morningstar.com/stocks/xnys/mqt/financials
MQY	https://www.morningstar.com/stocks/xnys/mqy/financials
MS	https://www.morningstar.com/stocks/xnys/ms/financials
MSD	https://www.morningstar.com/stocks/xnys/msd/financials
MTB	https://www.morningstar.com/stocks/xnys/mtb/financials
MTG	https://www.morningstar.com/stocks/xnys/mtg/financials
MUA	https://www.morningstar.com/stocks/xnys/mua/financials
MUC	https://www.morningstar.com/stocks/xnys/muc/financials
MUE	https://www.morningstar.com/stocks/xnys/mue/financials
MUI	https://www.morningstar.com/stocks/xnys/mui/financials
MUJ	https://www.morningstar.com/stocks/xnys/muj/financials
MVF	https://www.morningstar.com/stocks/xnys/mvf/financials
MVT	https://www.morningstar.com/stocks/xnys/mvt/financials
MXE	https://www.morningstar.com/stocks/xnys/mxe/financials
MXF	https://www.morningstar.com/stocks/xnys/mxf/financials
MYC	https://www.morningstar.com/stocks/xnys/myc/financials
MYD	https://www.morningstar.com/stocks/xnys/myd/financials
MYI	https://www.morningstar.com/stocks/xnys/myi/financials
MYJ	https://www.morningstar.com/stocks/xnys/myj/financials
MYN	https://www.morningstar.com/stocks/xnys/myn/financials
NAC	https://www.morningstar.com/stocks/xnys/nac/financials
NAD	https://www.morningstar.com/stocks/xnys/nad/financials
NAN	https://www.morningstar.com/stocks/xnys/nan/financials
NAZ	https://www.morningstar.com/stocks/xnys/naz/financials
NBB	https://www.morningstar.com/stocks/xnys/nbb/financials
NBHC	https://www.morningstar.com/stocks/xnys/nbhc/financials
NCA	https://www.morningstar.com/stocks/xnys/nca/financials
NCV	https://www.morningstar.com/stocks/xnys/ncv/financials
NCZ	https://www.morningstar.com/stocks/xnys/ncz/financials
NDP	https://www.morningstar.com/stocks/xnys/ndp/financials
NEA	https://www.morningstar.com/stocks/xnys/nea/financials
NEV	https://www.morningstar.com/stocks/xnys/nev/financials
NFJ	https://www.morningstar.com/stocks/xnys/nfj/financials
NID	https://www.morningstar.com/stocks/xnys/nid/financials
NIE	https://www.morningstar.com/stocks/xnys/nie/financials
NIM	https://www.morningstar.com/stocks/xnys/nim/financials
NKG	https://www.morningstar.com/stocks/xnys/nkg/financials
NKX	https://www.morningstar.com/stocks/xnys/nkx/financials
NMI	https://www.morningstar.com/stocks/xnys/nmi/financials
NMS	https://www.morningstar.com/stocks/xnys/nms/financials
NMT	https://www.morningstar.com/stocks/xnys/nmt/financials
NMZ	https://www.morningstar.com/stocks/xnys/nmz/financials
NNI	https://www.morningstar.com/stocks/xnys/nni/financials
NNY	https://www.morningstar.com/stocks/xnys/nny/financials
NOM	https://www.morningstar.com/stocks/xnys/nom/financials
NPV	https://www.morningstar.com/stocks/xnys/npv/financials
NQP	https://www.morningstar.com/stocks/xnys/nqp/financials
NRK	https://www.morningstar.com/stocks/xnys/nrk/financials
NSL	https://www.morningstar.com/stocks/xnys/nsl/financials
NUO	https://www.morningstar.com/stocks/xnys/nuo/financials
NUV	https://www.morningstar.com/stocks/xnys/nuv/financials
NUW	https://www.morningstar.com/stocks/xnys/nuw/financials
NVG	https://www.morningstar.com/stocks/xnys/nvg/financials
NXC	https://www.morningstar.com/stocks/xnys/nxc/financials
NXJ	https://www.morningstar.com/stocks/xnys/nxj/financials
NXN	https://www.morningstar.com/stocks/xnys/nxn/financials
NXP	https://www.morningstar.com/stocks/xnys/nxp/financials
NXQ	https://www.morningstar.com/stocks/xnys/nxq/financials
NXR	https://www.morningstar.com/stocks/xnys/nxr/financials
NYCB	https://www.morningstar.com/stocks/xnys/nycb/financials
NZF	https://www.morningstar.com/stocks/xnys/nzf/financials
OACB	https://www.morningstar.com/stocks/xnys/oacb/financials
OCN	https://www.morningstar.com/stocks/xnys/ocn/financials
OIA	https://www.morningstar.com/stocks/xnys/oia/financials
OPP	https://www.morningstar.com/stocks/xnys/opp/financials
OPY	https://www.morningstar.com/stocks/xnys/opy/financials
ORI	https://www.morningstar.com/stocks/xnys/ori/financials
OWL	https://www.morningstar.com/stocks/xnys/owl/financials
PACE	https://www.morningstar.com/stocks/xnys/pace/financials
PAI	https://www.morningstar.com/stocks/xnys/pai/financials
PB	https://www.morningstar.com/stocks/xnys/pb/financials
PBC	https://www.morningstar.com/stocks/xnys/pbc/financials
PCF	https://www.morningstar.com/stocks/xnys/pcf/financials
PCK	https://www.morningstar.com/stocks/xnys/pck/financials
PCM	https://www.morningstar.com/stocks/xnys/pcm/financials
PCN	https://www.morningstar.com/stocks/xnys/pcn/financials
PCQ	https://www.morningstar.com/stocks/xnys/pcq/financials
PDAC	https://www.morningstar.com/stocks/xnys/pdac/financials
PDI	https://www.morningstar.com/stocks/xnys/pdi/financials
PDT	https://www.morningstar.com/stocks/xnys/pdt/financials
PFD	https://www.morningstar.com/stocks/xnys/pfd/financials
PFL	https://www.morningstar.com/stocks/xnys/pfl/financials
PFN	https://www.morningstar.com/stocks/xnys/pfn/financials
PFO	https://www.morningstar.com/stocks/xnys/pfo/financials
PFS	https://www.morningstar.com/stocks/xnys/pfs/financials
PFSI	https://www.morningstar.com/stocks/xnys/pfsi/financials
PGP	https://www.morningstar.com/stocks/xnys/pgp/financials
PGR	https://www.morningstar.com/stocks/xnys/pgr/financials
PHD	https://www.morningstar.com/stocks/xnys/phd/financials
PHK	https://www.morningstar.com/stocks/xnys/phk/financials
PHT	https://www.morningstar.com/stocks/xnys/pht/financials
PIM	https://www.morningstar.com/stocks/xnys/pim/financials
PIPR	https://www.morningstar.com/stocks/xnys/pipr/financials
PJT	https://www.morningstar.com/stocks/xnys/pjt/financials
PKO	https://www.morningstar.com/stocks/xnys/pko/financials
PMF	https://www.morningstar.com/stocks/xnys/pmf/financials
PML	https://www.morningstar.com/stocks/xnys/pml/financials
PMM	https://www.morningstar.com/stocks/xnys/pmm/financials
PMO	https://www.morningstar.com/stocks/xnys/pmo/financials
PMX	https://www.morningstar.com/stocks/xnys/pmx/financials
PNC	https://www.morningstar.com/stocks/xnys/pnc/financials
PNF	https://www.morningstar.com/stocks/xnys/pnf/financials
PNI	https://www.morningstar.com/stocks/xnys/pni/financials
PPT	https://www.morningstar.com/stocks/xnys/ppt/financials
PRA	https://www.morningstar.com/stocks/xnys/pra/financials
PRI	https://www.morningstar.com/stocks/xnys/pri/financials
PROS	https://www.morningstar.com/stocks/xnys/pros/financials
PRPB	https://www.morningstar.com/stocks/xnys/prpb/financials
PRS	https://www.morningstar.com/stocks/xnys/prs/financials
PRU	https://www.morningstar.com/stocks/xnys/pru/financials
PTY	https://www.morningstar.com/stocks/xnys/pty/financials
PYN	https://www.morningstar.com/stocks/xnys/pyn/financials
PYS	https://www.morningstar.com/stocks/xnys/pys/financials
PZC	https://www.morningstar.com/stocks/xnys/pzc/financials
PZN	https://www.morningstar.com/stocks/xnys/pzn/financials
RBAC	https://www.morningstar.com/stocks/xnys/rbac/financials
RCC	https://www.morningstar.com/stocks/xnys/rcc/financials
RCS	https://www.morningstar.com/stocks/xnys/rcs/financials
RDN	https://www.morningstar.com/stocks/xnys/rdn/financials
RF	https://www.morningstar.com/stocks/xnys/rf/financials
RFI	https://www.morningstar.com/stocks/xnys/rfi/financials
RFL	https://www.morningstar.com/stocks/xnys/rfl/financials
RGA	https://www.morningstar.com/stocks/xnys/rga/financials
RJF	https://www.morningstar.com/stocks/xnys/rjf/financials
RKT	https://www.morningstar.com/stocks/xnys/rkt/financials
RLGY	https://www.morningstar.com/stocks/xnys/rlgy/financials
RLI	https://www.morningstar.com/stocks/xnys/rli/financials
RM	https://www.morningstar.com/stocks/xnys/rm/financials
RMT	https://www.morningstar.com/stocks/xnys/rmt/financials
RNP	https://www.morningstar.com/stocks/xnys/rnp/financials
RQI	https://www.morningstar.com/stocks/xnys/rqi/financials
RTPZ	https://www.morningstar.com/stocks/xnys/rtpz/financials
RVT	https://www.morningstar.com/stocks/xnys/rvt/financials
RZA	https://www.morningstar.com/stocks/xnys/rza/financials
RZB	https://www.morningstar.com/stocks/xnys/rzb/financials
SAF	https://www.morningstar.com/stocks/xnys/saf/financials
SAK	https://www.morningstar.com/stocks/xnys/sak/financials
SAR	https://www.morningstar.com/stocks/xnys/sar/financials
SBI	https://www.morningstar.com/stocks/xnys/sbi/financials
SCD	https://www.morningstar.com/stocks/xnys/scd/financials
SCHW	https://www.morningstar.com/stocks/xnys/schw/financials
SCM	https://www.morningstar.com/stocks/xnys/scm/financials
SCU	https://www.morningstar.com/stocks/xnys/scu/financials
SF	https://www.morningstar.com/stocks/xnys/sf/financials
SFB	https://www.morningstar.com/stocks/xnys/sfb/financials
SFBS	https://www.morningstar.com/stocks/xnys/sfbs/financials
SFE	https://www.morningstar.com/stocks/xnys/sfe/financials
SI	https://www.morningstar.com/stocks/xnys/si/financials
SMM	https://www.morningstar.com/stocks/xnys/smm/financials
SNPR	https://www.morningstar.com/stocks/xnys/snpr/financials
SNV	https://www.morningstar.com/stocks/xnys/snv/financials
SOR	https://www.morningstar.com/stocks/xnys/sor/financials
SPE	https://www.morningstar.com/stocks/xnys/spe/financials
SPNV	https://www.morningstar.com/stocks/xnys/spnv/financials
SPXX	https://www.morningstar.com/stocks/xnys/spxx/financials
SRV	https://www.morningstar.com/stocks/xnys/srv/financials
STC	https://www.morningstar.com/stocks/xnys/stc/financials
STK	https://www.morningstar.com/stocks/xnys/stk/financials
STL	https://www.morningstar.com/stocks/xnys/stl/financials
STT	https://www.morningstar.com/stocks/xnys/stt/financials
SWZ	https://www.morningstar.com/stocks/xnys/swz/financials
SYF	https://www.morningstar.com/stocks/xnys/syf/financials
TACA	https://www.morningstar.com/stocks/xnys/taca/financials
TCI	https://www.morningstar.com/stocks/xnys/tci/financials
TDF	https://www.morningstar.com/stocks/xnys/tdf/financials
TEI	https://www.morningstar.com/stocks/xnys/tei/financials
TFC	https://www.morningstar.com/stocks/xnys/tfc/financials
THG	https://www.morningstar.com/stocks/xnys/thg/financials
THQ	https://www.morningstar.com/stocks/xnys/thq/financials
THW	https://www.morningstar.com/stocks/xnys/thw/financials
TPGY	https://www.morningstar.com/stocks/xnys/tpgy/financials
TPZ	https://www.morningstar.com/stocks/xnys/tpz/financials
TRC	https://www.morningstar.com/stocks/xnys/trc/financials
TREB	https://www.morningstar.com/stocks/xnys/treb/financials
TRV	https://www.morningstar.com/stocks/xnys/trv/financials
TSI	https://www.morningstar.com/stocks/xnys/tsi/financials
TTP	https://www.morningstar.com/stocks/xnys/ttp/financials
TWN	https://www.morningstar.com/stocks/xnys/twn/financials
TY	https://www.morningstar.com/stocks/xnys/ty/financials
TYG	https://www.morningstar.com/stocks/xnys/tyg/financials
UNM	https://www.morningstar.com/stocks/xnys/unm/financials
UNMA	https://www.morningstar.com/stocks/xnys/unma/financials
USA	https://www.morningstar.com/stocks/xnys/usa/financials
USB	https://www.morningstar.com/stocks/xnys/usb/financials
UTF	https://www.morningstar.com/stocks/xnys/utf/financials
UVE	https://www.morningstar.com/stocks/xnys/uve/financials
VBF	https://www.morningstar.com/stocks/xnys/vbf/financials
VCV	https://www.morningstar.com/stocks/xnys/vcv/financials
VGI	https://www.morningstar.com/stocks/xnys/vgi/financials
VGM	https://www.morningstar.com/stocks/xnys/vgm/financials
VKQ	https://www.morningstar.com/stocks/xnys/vkq/financials
VLT	https://www.morningstar.com/stocks/xnys/vlt/financials
VMO	https://www.morningstar.com/stocks/xnys/vmo/financials
VOYA	https://www.morningstar.com/stocks/xnys/voya/financials
VPV	https://www.morningstar.com/stocks/xnys/vpv/financials
VTN	https://www.morningstar.com/stocks/xnys/vtn/financials
VVR	https://www.morningstar.com/stocks/xnys/vvr/financials
WAL	https://www.morningstar.com/stocks/xnys/wal/financials
WALA	https://www.morningstar.com/stocks/xnys/wala/financials
WBS	https://www.morningstar.com/stocks/xnys/wbs/financials
WD	https://www.morningstar.com/stocks/xnys/wd/financials
WEA	https://www.morningstar.com/stocks/xnys/wea/financials
WFC	https://www.morningstar.com/stocks/xnys/wfc/financials
WIA	https://www.morningstar.com/stocks/xnys/wia/financials
WIW	https://www.morningstar.com/stocks/xnys/wiw/financials
WPF	https://www.morningstar.com/stocks/xnys/wpf/financials
WRB	https://www.morningstar.com/stocks/xnys/wrb/financials
WTM	https://www.morningstar.com/stocks/xnys/wtm/financials
XFLT	https://www.morningstar.com/stocks/xnys/xflt/financials
Y	https://www.morningstar.com/stocks/xnys/y/financials
YAC	https://www.morningstar.com/stocks/xnys/yac/financials
ZTR	https://www.morningstar.com/stocks/xnys/ztr/financials
	
AAME	https://www.morningstar.com/stocks/xnas/aame/financials
ABCB	https://www.morningstar.com/stocks/xnas/abcb/financials
ABGI	https://www.morningstar.com/stocks/xnas/abgi/financials
ABTX	https://www.morningstar.com/stocks/xnas/abtx/financials
ACBI	https://www.morningstar.com/stocks/xnas/acbi/financials
ACKIW	https://www.morningstar.com/stocks/xnas/ackiw/financials
ACNB	https://www.morningstar.com/stocks/xnas/acnb/financials
ACQR	https://www.morningstar.com/stocks/xnas/acqr/financials
ACQRU	https://www.morningstar.com/stocks/xnas/acqru/financials
ACQRW	https://www.morningstar.com/stocks/xnas/acqrw/financials
ACTDW	https://www.morningstar.com/stocks/xnas/actdw/financials
ADERW	https://www.morningstar.com/stocks/xnas/aderw/financials
ADOC	https://www.morningstar.com/stocks/xnas/adoc/financials
ADOCR	https://www.morningstar.com/stocks/xnas/adocr/financials
ADOCW	https://www.morningstar.com/stocks/xnas/adocw/financials
AEAC	https://www.morningstar.com/stocks/xnas/aeac/financials
AEACU	https://www.morningstar.com/stocks/xnas/aeacu/financials
AEACW	https://www.morningstar.com/stocks/xnas/aeacw/financials
AFAQ	https://www.morningstar.com/stocks/xnas/afaq/financials
AFAQU	https://www.morningstar.com/stocks/xnas/afaqu/financials
AFAQW	https://www.morningstar.com/stocks/xnas/afaqw/financials
AFBI	https://www.morningstar.com/stocks/xnas/afbi/financials
AGC	https://www.morningstar.com/stocks/xnas/agc/financials
AGCUU	https://www.morningstar.com/stocks/xnas/agcuu/financials
AGCWW	https://www.morningstar.com/stocks/xnas/agcww/financials
AGFY	https://www.morningstar.com/stocks/xnas/agfy/financials
AGGR	https://www.morningstar.com/stocks/xnas/aggr/financials
AGGRU	https://www.morningstar.com/stocks/xnas/aggru/financials
AGGRW	https://www.morningstar.com/stocks/xnas/aggrw/financials
AINV	https://www.morningstar.com/stocks/xnas/ainv/financials
AKIC	https://www.morningstar.com/stocks/xnas/akic/financials
AKICU	https://www.morningstar.com/stocks/xnas/akicu/financials
AKICW	https://www.morningstar.com/stocks/xnas/akicw/financials
ALRS	https://www.morningstar.com/stocks/xnas/alrs/financials
ALTA	https://www.morningstar.com/stocks/xnas/alta/financials
ALTUW	https://www.morningstar.com/stocks/xnas/altuw/financials
AMAL	https://www.morningstar.com/stocks/xnas/amal/financials
AMAOW	https://www.morningstar.com/stocks/xnas/amaow/financials
AMHCW	https://www.morningstar.com/stocks/xnas/amhcw/financials
AMNB	https://www.morningstar.com/stocks/xnas/amnb/financials
AMRB	https://www.morningstar.com/stocks/xnas/amrb/financials
AMRK	https://www.morningstar.com/stocks/xnas/amrk/financials
AMSF	https://www.morningstar.com/stocks/xnas/amsf/financials
AMTB	https://www.morningstar.com/stocks/xnas/amtb/financials
AMTBB	https://www.morningstar.com/stocks/xnas/amtbb/financials
ANAT	https://www.morningstar.com/stocks/xnas/anat/financials
ANDA	https://www.morningstar.com/stocks/xnas/anda/financials
ANDAR	https://www.morningstar.com/stocks/xnas/andar/financials
ANZU	https://www.morningstar.com/stocks/xnas/anzu/financials
ANZUU	https://www.morningstar.com/stocks/xnas/anzuu/financials
APPH	https://www.morningstar.com/stocks/xnas/apph/financials
APPHW	https://www.morningstar.com/stocks/xnas/apphw/financials
ARBGW	https://www.morningstar.com/stocks/xnas/arbgw/financials
ARCC	https://www.morningstar.com/stocks/xnas/arcc/financials
AROW	https://www.morningstar.com/stocks/xnas/arow/financials
ARRW	https://www.morningstar.com/stocks/xnas/arrw/financials
ARRWW	https://www.morningstar.com/stocks/xnas/arrww/financials
ARYD	https://www.morningstar.com/stocks/xnas/aryd/financials
ASAXW	https://www.morningstar.com/stocks/xnas/asaxw/financials
ASPC	https://www.morningstar.com/stocks/xnas/aspc/financials
ASPCU	https://www.morningstar.com/stocks/xnas/aspcu/financials
ASPCW	https://www.morningstar.com/stocks/xnas/aspcw/financials
ASRV	https://www.morningstar.com/stocks/xnas/asrv/financials
ASRVP	https://www.morningstar.com/stocks/xnas/asrvp/financials
ATAX	https://www.morningstar.com/stocks/xnas/atax/financials
ATLC	https://www.morningstar.com/stocks/xnas/atlc/financials
ATLCP	https://www.morningstar.com/stocks/xnas/atlcp/financials
ATLO	https://www.morningstar.com/stocks/xnas/atlo/financials
ATVC	https://www.morningstar.com/stocks/xnas/atvc/financials
ATVCU	https://www.morningstar.com/stocks/xnas/atvcu/financials
AUB	https://www.morningstar.com/stocks/xnas/aub/financials
AUBAP	https://www.morningstar.com/stocks/xnas/aubap/financials
AUBN	https://www.morningstar.com/stocks/xnas/aubn/financials
BANF	https://www.morningstar.com/stocks/xnas/banf/financials
BANFP	https://www.morningstar.com/stocks/xnas/banfp/financials
BANR	https://www.morningstar.com/stocks/xnas/banr/financials
BANX	https://www.morningstar.com/stocks/xnas/banx/financials
BCACW	https://www.morningstar.com/stocks/xnas/bcacw/financials
BCBP	https://www.morningstar.com/stocks/xnas/bcbp/financials
BCML	https://www.morningstar.com/stocks/xnas/bcml/financials
BCOR	https://www.morningstar.com/stocks/xnas/bcor/financials
BCOW	https://www.morningstar.com/stocks/xnas/bcow/financials
BENER	https://www.morningstar.com/stocks/xnas/bener/financials
BENEW	https://www.morningstar.com/stocks/xnas/benew/financials
BFC	https://www.morningstar.com/stocks/xnas/bfc/financials
BFIN	https://www.morningstar.com/stocks/xnas/bfin/financials
BFST	https://www.morningstar.com/stocks/xnas/bfst/financials
BGCP	https://www.morningstar.com/stocks/xnas/bgcp/financials
BHF	https://www.morningstar.com/stocks/xnas/bhf/financials
BHFAL	https://www.morningstar.com/stocks/xnas/bhfal/financials
BHFAN	https://www.morningstar.com/stocks/xnas/bhfan/financials
BHFAO	https://www.morningstar.com/stocks/xnas/bhfao/financials
BHFAP	https://www.morningstar.com/stocks/xnas/bhfap/financials
BHSE	https://www.morningstar.com/stocks/xnas/bhse/financials
BHSEU	https://www.morningstar.com/stocks/xnas/bhseu/financials
BHSEW	https://www.morningstar.com/stocks/xnas/bhsew/financials
BIOT	https://www.morningstar.com/stocks/xnas/biot/financials
BIOTU	https://www.morningstar.com/stocks/xnas/biotu/financials
BIOTW	https://www.morningstar.com/stocks/xnas/biotw/financials
BKCC	https://www.morningstar.com/stocks/xnas/bkcc/financials
BKSC	https://www.morningstar.com/stocks/xnas/bksc/financials
BLSA	https://www.morningstar.com/stocks/xnas/blsa/financials
BLUWW	https://www.morningstar.com/stocks/xnas/bluww/financials
BMRC	https://www.morningstar.com/stocks/xnas/bmrc/financials
BMTC	https://www.morningstar.com/stocks/xnas/bmtc/financials
BOCH	https://www.morningstar.com/stocks/xnas/boch/financials
BOKF	https://www.morningstar.com/stocks/xnas/bokf/financials
BOKFL	https://www.morningstar.com/stocks/xnas/bokfl/financials
BOTJ	https://www.morningstar.com/stocks/xnas/botj/financials
BOWXW	https://www.morningstar.com/stocks/xnas/bowxw/financials
BPFH	https://www.morningstar.com/stocks/xnas/bpfh/financials
BPOP	https://www.morningstar.com/stocks/xnas/bpop/financials
BPOPM	https://www.morningstar.com/stocks/xnas/bpopm/financials
BPOPN	https://www.morningstar.com/stocks/xnas/bpopn/financials
BPRN	https://www.morningstar.com/stocks/xnas/bprn/financials
BREZR	https://www.morningstar.com/stocks/xnas/brezr/financials
BREZW	https://www.morningstar.com/stocks/xnas/brezw/financials
BRIVW	https://www.morningstar.com/stocks/xnas/brivw/financials
BRKL	https://www.morningstar.com/stocks/xnas/brkl/financials
BRP	https://www.morningstar.com/stocks/xnas/brp/financials
BRPMW	https://www.morningstar.com/stocks/xnas/brpmw/financials
BSKYW	https://www.morningstar.com/stocks/xnas/bskyw/financials
BSRR	https://www.morningstar.com/stocks/xnas/bsrr/financials
BSVN	https://www.morningstar.com/stocks/xnas/bsvn/financials
BTBT	https://www.morningstar.com/stocks/xnas/btbt/financials
BUSE	https://www.morningstar.com/stocks/xnas/buse/financials
BWACW	https://www.morningstar.com/stocks/xnas/bwacw/financials
BWB	https://www.morningstar.com/stocks/xnas/bwb/financials
BWFG	https://www.morningstar.com/stocks/xnas/bwfg/financials
BYFC	https://www.morningstar.com/stocks/xnas/byfc/financials
BYTS	https://www.morningstar.com/stocks/xnas/byts/financials
BYTSU	https://www.morningstar.com/stocks/xnas/bytsu/financials
BYTSW	https://www.morningstar.com/stocks/xnas/bytsw/financials
CAC	https://www.morningstar.com/stocks/xnas/cac/financials
CACC	https://www.morningstar.com/stocks/xnas/cacc/financials
CAHCW	https://www.morningstar.com/stocks/xnas/cahcw/financials
CALB	https://www.morningstar.com/stocks/xnas/calb/financials
CARE	https://www.morningstar.com/stocks/xnas/care/financials
CARV	https://www.morningstar.com/stocks/xnas/carv/financials
CASH	https://www.morningstar.com/stocks/xnas/cash/financials
CATC	https://www.morningstar.com/stocks/xnas/catc/financials
CATY	https://www.morningstar.com/stocks/xnas/caty/financials
CBAN	https://www.morningstar.com/stocks/xnas/cban/financials
CBFV	https://www.morningstar.com/stocks/xnas/cbfv/financials
CBMB	https://www.morningstar.com/stocks/xnas/cbmb/financials
CBNK	https://www.morningstar.com/stocks/xnas/cbnk/financials
CBSH	https://www.morningstar.com/stocks/xnas/cbsh/financials
CBTX	https://www.morningstar.com/stocks/xnas/cbtx/financials
CCB	https://www.morningstar.com/stocks/xnas/ccb/financials
CCBG	https://www.morningstar.com/stocks/xnas/ccbg/financials
CCD	https://www.morningstar.com/stocks/xnas/ccd/financials
CCNE	https://www.morningstar.com/stocks/xnas/ccne/financials
CCNEP	https://www.morningstar.com/stocks/xnas/ccnep/financials
CFACW	https://www.morningstar.com/stocks/xnas/cfacw/financials
CFB	https://www.morningstar.com/stocks/xnas/cfb/financials
CFFE	https://www.morningstar.com/stocks/xnas/cffe/financials
CFFEU	https://www.morningstar.com/stocks/xnas/cffeu/financials
CFFI	https://www.morningstar.com/stocks/xnas/cffi/financials
CFFN	https://www.morningstar.com/stocks/xnas/cffn/financials
CFFVW	https://www.morningstar.com/stocks/xnas/cffvw/financials
CFIVW	https://www.morningstar.com/stocks/xnas/cfivw/financials
CFVIW	https://www.morningstar.com/stocks/xnas/cfviw/financials
CG	https://www.morningstar.com/stocks/xnas/cg/financials
CGBD	https://www.morningstar.com/stocks/xnas/cgbd/financials
CGO	https://www.morningstar.com/stocks/xnas/cgo/financials
CHCO	https://www.morningstar.com/stocks/xnas/chco/financials
CHI	https://www.morningstar.com/stocks/xnas/chi/financials
CHMG	https://www.morningstar.com/stocks/xnas/chmg/financials
CHPMW	https://www.morningstar.com/stocks/xnas/chpmw/financials
CHW	https://www.morningstar.com/stocks/xnas/chw/financials
CHY	https://www.morningstar.com/stocks/xnas/chy/financials
CINF	https://www.morningstar.com/stocks/xnas/cinf/financials
CIVB	https://www.morningstar.com/stocks/xnas/civb/financials
CIZN	https://www.morningstar.com/stocks/xnas/cizn/financials
CLBK	https://www.morningstar.com/stocks/xnas/clbk/financials
CLDB	https://www.morningstar.com/stocks/xnas/cldb/financials
CLRMW	https://www.morningstar.com/stocks/xnas/clrmw/financials
CMLFW	https://www.morningstar.com/stocks/xnas/cmlfw/financials
CMLTU	https://www.morningstar.com/stocks/xnas/cmltu/financials
CMLTW	https://www.morningstar.com/stocks/xnas/cmltw/financials
CNBKA	https://www.morningstar.com/stocks/xnas/cnbka/financials
CNFR	https://www.morningstar.com/stocks/xnas/cnfr/financials
CNFRL	https://www.morningstar.com/stocks/xnas/cnfrl/financials
CNNB	https://www.morningstar.com/stocks/xnas/cnnb/financials
CNOB	https://www.morningstar.com/stocks/xnas/cnob/financials
COFS	https://www.morningstar.com/stocks/xnas/cofs/financials
COIN	https://www.morningstar.com/stocks/xnas/coin/financials
COLB	https://www.morningstar.com/stocks/xnas/colb/financials
CONXW	https://www.morningstar.com/stocks/xnas/conxw/financials
COOL	https://www.morningstar.com/stocks/xnas/cool/financials
COOLU	https://www.morningstar.com/stocks/xnas/coolu/financials
COOLW	https://www.morningstar.com/stocks/xnas/coolw/financials
COOP	https://www.morningstar.com/stocks/xnas/coop/financials
COVA	https://www.morningstar.com/stocks/xnas/cova/financials
COVAU	https://www.morningstar.com/stocks/xnas/covau/financials
COVAW	https://www.morningstar.com/stocks/xnas/covaw/financials
COWN	https://www.morningstar.com/stocks/xnas/cown/financials
COWNL	https://www.morningstar.com/stocks/xnas/cownl/financials
CPSS	https://www.morningstar.com/stocks/xnas/cpss/financials
CPTA	https://www.morningstar.com/stocks/xnas/cpta/financials
CPTAG	https://www.morningstar.com/stocks/xnas/cptag/financials
CPTAL	https://www.morningstar.com/stocks/xnas/cptal/financials
CPZ	https://www.morningstar.com/stocks/xnas/cpz/financials
CRVL	https://www.morningstar.com/stocks/xnas/crvl/financials
CRZN	https://www.morningstar.com/stocks/xnas/crzn/financials
CRZNU	https://www.morningstar.com/stocks/xnas/crznu/financials
CRZNW	https://www.morningstar.com/stocks/xnas/crznw/financials
CSQ	https://www.morningstar.com/stocks/xnas/csq/financials
CSTR	https://www.morningstar.com/stocks/xnas/cstr/financials
CSWC	https://www.morningstar.com/stocks/xnas/cswc/financials
CTAQW	https://www.morningstar.com/stocks/xnas/ctaqw/financials
CTBI	https://www.morningstar.com/stocks/xnas/ctbi/financials
CUBA	https://www.morningstar.com/stocks/xnas/cuba/financials
CVBF	https://www.morningstar.com/stocks/xnas/cvbf/financials
CVCY	https://www.morningstar.com/stocks/xnas/cvcy/financials
CVLY	https://www.morningstar.com/stocks/xnas/cvly/financials
CWBC	https://www.morningstar.com/stocks/xnas/cwbc/financials
CZNC	https://www.morningstar.com/stocks/xnas/cznc/financials
CZWI	https://www.morningstar.com/stocks/xnas/czwi/financials
DBDRW	https://www.morningstar.com/stocks/xnas/dbdrw/financials
DCOM	https://www.morningstar.com/stocks/xnas/dcom/financials
DCOMP	https://www.morningstar.com/stocks/xnas/dcomp/financials
DCRCW	https://www.morningstar.com/stocks/xnas/dcrcw/financials
DCRNW	https://www.morningstar.com/stocks/xnas/dcrnw/financials
DFPH	https://www.morningstar.com/stocks/xnas/dfph/financials
DFPHU	https://www.morningstar.com/stocks/xnas/dfphu/financials
DFPHW	https://www.morningstar.com/stocks/xnas/dfphw/financials
DGICA	https://www.morningstar.com/stocks/xnas/dgica/financials
DGICB	https://www.morningstar.com/stocks/xnas/dgicb/financials
DGNS	https://www.morningstar.com/stocks/xnas/dgns/financials
DGNU	https://www.morningstar.com/stocks/xnas/dgnu/financials
DHBC	https://www.morningstar.com/stocks/xnas/dhbc/financials
DHCA	https://www.morningstar.com/stocks/xnas/dhca/financials
DHCAU	https://www.morningstar.com/stocks/xnas/dhcau/financials
DHCAW	https://www.morningstar.com/stocks/xnas/dhcaw/financials
DHHCW	https://www.morningstar.com/stocks/xnas/dhhcw/financials
DHIL	https://www.morningstar.com/stocks/xnas/dhil/financials
DISA	https://www.morningstar.com/stocks/xnas/disa/financials
DISAU	https://www.morningstar.com/stocks/xnas/disau/financials
DISAW	https://www.morningstar.com/stocks/xnas/disaw/financials
DLCA	https://www.morningstar.com/stocks/xnas/dlca/financials
DLCAU	https://www.morningstar.com/stocks/xnas/dlcau/financials
DLCAW	https://www.morningstar.com/stocks/xnas/dlcaw/financials
DTIL	https://www.morningstar.com/stocks/xnas/dtil/financials
DTOC	https://www.morningstar.com/stocks/xnas/dtoc/financials
DTOCW	https://www.morningstar.com/stocks/xnas/dtocw/financials
DUNEW	https://www.morningstar.com/stocks/xnas/dunew/financials
EACPW	https://www.morningstar.com/stocks/xnas/eacpw/financials
EBC	https://www.morningstar.com/stocks/xnas/ebc/financials
EBMT	https://www.morningstar.com/stocks/xnas/ebmt/financials
EBSB	https://www.morningstar.com/stocks/xnas/ebsb/financials
EBTC	https://www.morningstar.com/stocks/xnas/ebtc/financials
EFSC	https://www.morningstar.com/stocks/xnas/efsc/financials
EGBN	https://www.morningstar.com/stocks/xnas/egbn/financials
EHTH	https://www.morningstar.com/stocks/xnas/ehth/financials
EJFA	https://www.morningstar.com/stocks/xnas/ejfa/financials
EJFAU	https://www.morningstar.com/stocks/xnas/ejfau/financials
ELMSW	https://www.morningstar.com/stocks/xnas/elmsw/financials
EMCF	https://www.morningstar.com/stocks/xnas/emcf/financials
ENFA	https://www.morningstar.com/stocks/xnas/enfa/financials
ENFAW	https://www.morningstar.com/stocks/xnas/enfaw/financials
ENNVW	https://www.morningstar.com/stocks/xnas/ennvw/financials
ENVIW	https://www.morningstar.com/stocks/xnas/enviw/financials
EPHYW	https://www.morningstar.com/stocks/xnas/ephyw/financials
EQBK	https://www.morningstar.com/stocks/xnas/eqbk/financials
ERESW	https://www.morningstar.com/stocks/xnas/eresw/financials
ERIE	https://www.morningstar.com/stocks/xnas/erie/financials
ESBK	https://www.morningstar.com/stocks/xnas/esbk/financials
ESQ	https://www.morningstar.com/stocks/xnas/esq/financials
ESSA	https://www.morningstar.com/stocks/xnas/essa/financials
ESSC	https://www.morningstar.com/stocks/xnas/essc/financials
ESSCR	https://www.morningstar.com/stocks/xnas/esscr/financials
ESSCW	https://www.morningstar.com/stocks/xnas/esscw/financials
ESXB	https://www.morningstar.com/stocks/xnas/esxb/financials
EUCR	https://www.morningstar.com/stocks/xnas/eucr/financials
EUCRW	https://www.morningstar.com/stocks/xnas/eucrw/financials
EUSG	https://www.morningstar.com/stocks/xnas/eusg/financials
EUSGU	https://www.morningstar.com/stocks/xnas/eusgu/financials
EUSGW	https://www.morningstar.com/stocks/xnas/eusgw/financials
EVOJW	https://www.morningstar.com/stocks/xnas/evojw/financials
EWBC	https://www.morningstar.com/stocks/xnas/ewbc/financials
EXPI	https://www.morningstar.com/stocks/xnas/expi/financials
FBIZ	https://www.morningstar.com/stocks/xnas/fbiz/financials
FBMS	https://www.morningstar.com/stocks/xnas/fbms/financials
FBNC	https://www.morningstar.com/stocks/xnas/fbnc/financials
FCAP	https://www.morningstar.com/stocks/xnas/fcap/financials
FCBC	https://www.morningstar.com/stocks/xnas/fcbc/financials
FCCO	https://www.morningstar.com/stocks/xnas/fcco/financials
FCCY	https://www.morningstar.com/stocks/xnas/fccy/financials
FCNCA	https://www.morningstar.com/stocks/xnas/fcnca/financials
FCNCP	https://www.morningstar.com/stocks/xnas/fcncp/financials
FCRD	https://www.morningstar.com/stocks/xnas/fcrd/financials
FDBC	https://www.morningstar.com/stocks/xnas/fdbc/financials
FDUS	https://www.morningstar.com/stocks/xnas/fdus/financials
FDUSG	https://www.morningstar.com/stocks/xnas/fdusg/financials
FFBC	https://www.morningstar.com/stocks/xnas/ffbc/financials
FFBW	https://www.morningstar.com/stocks/xnas/ffbw/financials
FFIC	https://www.morningstar.com/stocks/xnas/ffic/financials
FFIN	https://www.morningstar.com/stocks/xnas/ffin/financials
FFNW	https://www.morningstar.com/stocks/xnas/ffnw/financials
FFWM	https://www.morningstar.com/stocks/xnas/ffwm/financials
FGBI	https://www.morningstar.com/stocks/xnas/fgbi/financials
FGBIP	https://www.morningstar.com/stocks/xnas/fgbip/financials
FGF	https://www.morningstar.com/stocks/xnas/fgf/financials
FGFPP	https://www.morningstar.com/stocks/xnas/fgfpp/financials
FHB	https://www.morningstar.com/stocks/xnas/fhb/financials
FIBK	https://www.morningstar.com/stocks/xnas/fibk/financials
FINM	https://www.morningstar.com/stocks/xnas/finm/financials
FINMU	https://www.morningstar.com/stocks/xnas/finmu/financials
FINMW	https://www.morningstar.com/stocks/xnas/finmw/financials
FISI	https://www.morningstar.com/stocks/xnas/fisi/financials
FITB	https://www.morningstar.com/stocks/xnas/fitb/financials
FITBI	https://www.morningstar.com/stocks/xnas/fitbi/financials
FITBO	https://www.morningstar.com/stocks/xnas/fitbo/financials
FITBP	https://www.morningstar.com/stocks/xnas/fitbp/financials
FLAC	https://www.morningstar.com/stocks/xnas/flac/financials
FLACU	https://www.morningstar.com/stocks/xnas/flacu/financials
FLACW	https://www.morningstar.com/stocks/xnas/flacw/financials
FLIC	https://www.morningstar.com/stocks/xnas/flic/financials
FMAO	https://www.morningstar.com/stocks/xnas/fmao/financials
FMBH	https://www.morningstar.com/stocks/xnas/fmbh/financials
FMBI	https://www.morningstar.com/stocks/xnas/fmbi/financials
FMBIO	https://www.morningstar.com/stocks/xnas/fmbio/financials
FMBIP	https://www.morningstar.com/stocks/xnas/fmbip/financials
FMIVW	https://www.morningstar.com/stocks/xnas/fmivw/financials
FMNB	https://www.morningstar.com/stocks/xnas/fmnb/financials
FNCB	https://www.morningstar.com/stocks/xnas/fncb/financials
FNHC	https://www.morningstar.com/stocks/xnas/fnhc/financials
FNLC	https://www.morningstar.com/stocks/xnas/fnlc/financials
FNWB	https://www.morningstar.com/stocks/xnas/fnwb/financials
FOCS	https://www.morningstar.com/stocks/xnas/focs/financials
FORE	https://www.morningstar.com/stocks/xnas/fore/financials
FOREU	https://www.morningstar.com/stocks/xnas/foreu/financials
FOREW	https://www.morningstar.com/stocks/xnas/forew/financials
FOXWW	https://www.morningstar.com/stocks/xnas/foxww/financials
FRAF	https://www.morningstar.com/stocks/xnas/fraf/financials
FRBA	https://www.morningstar.com/stocks/xnas/frba/financials
FRBK	https://www.morningstar.com/stocks/xnas/frbk/financials
FRME	https://www.morningstar.com/stocks/xnas/frme/financials
FRON	https://www.morningstar.com/stocks/xnas/fron/financials
FRONU	https://www.morningstar.com/stocks/xnas/fronu/financials
FRPH	https://www.morningstar.com/stocks/xnas/frph/financials
FRSGW	https://www.morningstar.com/stocks/xnas/frsgw/financials
FRST	https://www.morningstar.com/stocks/xnas/frst/financials
FRW	https://www.morningstar.com/stocks/xnas/frw/financials
FRWAW	https://www.morningstar.com/stocks/xnas/frwaw/financials
FSBC	https://www.morningstar.com/stocks/xnas/fsbc/financials
FSBW	https://www.morningstar.com/stocks/xnas/fsbw/financials
FSEA	https://www.morningstar.com/stocks/xnas/fsea/financials
FSFG	https://www.morningstar.com/stocks/xnas/fsfg/financials
FSRXW	https://www.morningstar.com/stocks/xnas/fsrxw/financials
FSSIW	https://www.morningstar.com/stocks/xnas/fssiw/financials
FTAA	https://www.morningstar.com/stocks/xnas/ftaa/financials
FTAAU	https://www.morningstar.com/stocks/xnas/ftaau/financials
FTCVU	https://www.morningstar.com/stocks/xnas/ftcvu/financials
FTCVW	https://www.morningstar.com/stocks/xnas/ftcvw/financials
FTHM	https://www.morningstar.com/stocks/xnas/fthm/financials
FULT	https://www.morningstar.com/stocks/xnas/fult/financials
FULTP	https://www.morningstar.com/stocks/xnas/fultp/financials
FUNC	https://www.morningstar.com/stocks/xnas/func/financials
FUND	https://www.morningstar.com/stocks/xnas/fund/financials
FUSB	https://www.morningstar.com/stocks/xnas/fusb/financials
FVCB	https://www.morningstar.com/stocks/xnas/fvcb/financials
FXNC	https://www.morningstar.com/stocks/xnas/fxnc/financials
GABC	https://www.morningstar.com/stocks/xnas/gabc/financials
GACQU	https://www.morningstar.com/stocks/xnas/gacqu/financials
GAIN	https://www.morningstar.com/stocks/xnas/gain/financials
GAINL	https://www.morningstar.com/stocks/xnas/gainl/financials
GAINN	https://www.morningstar.com/stocks/xnas/gainn/financials
GAMCW	https://www.morningstar.com/stocks/xnas/gamcw/financials
GBCI	https://www.morningstar.com/stocks/xnas/gbci/financials
GBDC	https://www.morningstar.com/stocks/xnas/gbdc/financials
GBNY	https://www.morningstar.com/stocks/xnas/gbny/financials
GCACW	https://www.morningstar.com/stocks/xnas/gcacw/financials
GCBC	https://www.morningstar.com/stocks/xnas/gcbc/financials
GCMG	https://www.morningstar.com/stocks/xnas/gcmg/financials
GCMGW	https://www.morningstar.com/stocks/xnas/gcmgw/financials
GECC	https://www.morningstar.com/stocks/xnas/gecc/financials
GECCM	https://www.morningstar.com/stocks/xnas/geccm/financials
GECCN	https://www.morningstar.com/stocks/xnas/geccn/financials
GFED	https://www.morningstar.com/stocks/xnas/gfed/financials
GGMCU	https://www.morningstar.com/stocks/xnas/ggmcu/financials
GGMCW	https://www.morningstar.com/stocks/xnas/ggmcw/financials
GGPI	https://www.morningstar.com/stocks/xnas/ggpi/financials
GGPIW	https://www.morningstar.com/stocks/xnas/ggpiw/financials
GHACW	https://www.morningstar.com/stocks/xnas/ghacw/financials
GHVIW	https://www.morningstar.com/stocks/xnas/ghviw/financials
GIG	https://www.morningstar.com/stocks/xnas/gig/financials
GIGGU	https://www.morningstar.com/stocks/xnas/giggu/financials
GIGGW	https://www.morningstar.com/stocks/xnas/giggw/financials
GLAD	https://www.morningstar.com/stocks/xnas/glad/financials
GLADL	https://www.morningstar.com/stocks/xnas/gladl/financials
GLAQW	https://www.morningstar.com/stocks/xnas/glaqw/financials
GLBL	https://www.morningstar.com/stocks/xnas/glbl/financials
GLBLU	https://www.morningstar.com/stocks/xnas/glblu/financials
GLBZ	https://www.morningstar.com/stocks/xnas/glbz/financials
GLHAW	https://www.morningstar.com/stocks/xnas/glhaw/financials
GLSPT	https://www.morningstar.com/stocks/xnas/glspt/financials
GLSPU	https://www.morningstar.com/stocks/xnas/glspu/financials
GMBT	https://www.morningstar.com/stocks/xnas/gmbt/financials
GMBTU	https://www.morningstar.com/stocks/xnas/gmbtu/financials
GMBTW	https://www.morningstar.com/stocks/xnas/gmbtw/financials
GMIIW	https://www.morningstar.com/stocks/xnas/gmiiw/financials
GNACW	https://www.morningstar.com/stocks/xnas/gnacw/financials
GNTY	https://www.morningstar.com/stocks/xnas/gnty/financials
GOCO	https://www.morningstar.com/stocks/xnas/goco/financials
GPAC	https://www.morningstar.com/stocks/xnas/gpac/financials
GPACU	https://www.morningstar.com/stocks/xnas/gpacu/financials
GPACW	https://www.morningstar.com/stocks/xnas/gpacw/financials
GROW	https://www.morningstar.com/stocks/xnas/grow/financials
GSAQ	https://www.morningstar.com/stocks/xnas/gsaq/financials
GSAQU	https://www.morningstar.com/stocks/xnas/gsaqu/financials
GSAQW	https://www.morningstar.com/stocks/xnas/gsaqw/financials
GSBC	https://www.morningstar.com/stocks/xnas/gsbc/financials
GSHD	https://www.morningstar.com/stocks/xnas/gshd/financials
GWAC	https://www.morningstar.com/stocks/xnas/gwac/financials
GWACW	https://www.morningstar.com/stocks/xnas/gwacw/financials
GWGH	https://www.morningstar.com/stocks/xnas/gwgh/financials
GXIIW	https://www.morningstar.com/stocks/xnas/gxiiw/financials
HAACW	https://www.morningstar.com/stocks/xnas/haacw/financials
HAFC	https://www.morningstar.com/stocks/xnas/hafc/financials
HALL	https://www.morningstar.com/stocks/xnas/hall/financials
HBAN	https://www.morningstar.com/stocks/xnas/hban/financials
HBANM	https://www.morningstar.com/stocks/xnas/hbanm/financials
HBANN	https://www.morningstar.com/stocks/xnas/hbann/financials
HBANO	https://www.morningstar.com/stocks/xnas/hbano/financials
HBANP	https://www.morningstar.com/stocks/xnas/hbanp/financials
HBCP	https://www.morningstar.com/stocks/xnas/hbcp/financials
HBMD	https://www.morningstar.com/stocks/xnas/hbmd/financials
HBNC	https://www.morningstar.com/stocks/xnas/hbnc/financials
HBT	https://www.morningstar.com/stocks/xnas/hbt/financials
HCAPZ	https://www.morningstar.com/stocks/xnas/hcapz/financials
HCAQ	https://www.morningstar.com/stocks/xnas/hcaq/financials
HCARW	https://www.morningstar.com/stocks/xnas/hcarw/financials
HCCCW	https://www.morningstar.com/stocks/xnas/hcccw/financials
HCICW	https://www.morningstar.com/stocks/xnas/hcicw/financials
HCIIW	https://www.morningstar.com/stocks/xnas/hciiw/financials
HERAW	https://www.morningstar.com/stocks/xnas/heraw/financials
HFBL	https://www.morningstar.com/stocks/xnas/hfbl/financials
HFWA	https://www.morningstar.com/stocks/xnas/hfwa/financials
HGBL	https://www.morningstar.com/stocks/xnas/hgbl/financials
HIFS	https://www.morningstar.com/stocks/xnas/hifs/financials
HLAHW	https://www.morningstar.com/stocks/xnas/hlahw/financials
HLNE	https://www.morningstar.com/stocks/xnas/hlne/financials
HLXA	https://www.morningstar.com/stocks/xnas/hlxa/financials
HMCOW	https://www.morningstar.com/stocks/xnas/hmcow/financials
HMNF	https://www.morningstar.com/stocks/xnas/hmnf/financials
HMPT	https://www.morningstar.com/stocks/xnas/hmpt/financials
HMST	https://www.morningstar.com/stocks/xnas/hmst/financials
HNNA	https://www.morningstar.com/stocks/xnas/hnna/financials
HOLUW	https://www.morningstar.com/stocks/xnas/holuw/financials
HOMB	https://www.morningstar.com/stocks/xnas/homb/financials
HONE	https://www.morningstar.com/stocks/xnas/hone/financials
HOPE	https://www.morningstar.com/stocks/xnas/hope/financials
HRZN	https://www.morningstar.com/stocks/xnas/hrzn/financials
HSAQ	https://www.morningstar.com/stocks/xnas/hsaq/financials
HTBI	https://www.morningstar.com/stocks/xnas/htbi/financials
HTBK	https://www.morningstar.com/stocks/xnas/htbk/financials
HTLF	https://www.morningstar.com/stocks/xnas/htlf/financials
HTLFP	https://www.morningstar.com/stocks/xnas/htlfp/financials
HVBC	https://www.morningstar.com/stocks/xnas/hvbc/financials
HWBK	https://www.morningstar.com/stocks/xnas/hwbk/financials
HWC	https://www.morningstar.com/stocks/xnas/hwc/financials
HWCPZ	https://www.morningstar.com/stocks/xnas/hwcpz/financials
HYAC	https://www.morningstar.com/stocks/xnas/hyac/financials
HYACU	https://www.morningstar.com/stocks/xnas/hyacu/financials
HYACW	https://www.morningstar.com/stocks/xnas/hyacw/financials
IBCP	https://www.morningstar.com/stocks/xnas/ibcp/financials
IBKR	https://www.morningstar.com/stocks/xnas/ibkr/financials
IBOC	https://www.morningstar.com/stocks/xnas/iboc/financials
IBTX	https://www.morningstar.com/stocks/xnas/ibtx/financials
ICBK	https://www.morningstar.com/stocks/xnas/icbk/financials
ICCH	https://www.morningstar.com/stocks/xnas/icch/financials
ICMB	https://www.morningstar.com/stocks/xnas/icmb/financials
IGACW	https://www.morningstar.com/stocks/xnas/igacw/financials
IGNYW	https://www.morningstar.com/stocks/xnas/ignyw/financials
IIIIW	https://www.morningstar.com/stocks/xnas/iiiiw/financials
INBK	https://www.morningstar.com/stocks/xnas/inbk/financials
INBKZ	https://www.morningstar.com/stocks/xnas/inbkz/financials
INDB	https://www.morningstar.com/stocks/xnas/indb/financials
INDT	https://www.morningstar.com/stocks/xnas/indt/financials
INKAW	https://www.morningstar.com/stocks/xnas/inkaw/financials
IPVI	https://www.morningstar.com/stocks/xnas/ipvi/financials
IPVIU	https://www.morningstar.com/stocks/xnas/ipviu/financials
IPVIW	https://www.morningstar.com/stocks/xnas/ipviw/financials
IROQ	https://www.morningstar.com/stocks/xnas/iroq/financials
ISBC	https://www.morningstar.com/stocks/xnas/isbc/financials
ISTR	https://www.morningstar.com/stocks/xnas/istr/financials
ITACW	https://www.morningstar.com/stocks/xnas/itacw/financials
ITHX	https://www.morningstar.com/stocks/xnas/ithx/financials
ITHXU	https://www.morningstar.com/stocks/xnas/ithxu/financials
ITHXW	https://www.morningstar.com/stocks/xnas/ithxw/financials
ITIC	https://www.morningstar.com/stocks/xnas/itic/financials
ITQ	https://www.morningstar.com/stocks/xnas/itq/financials
ITQRU	https://www.morningstar.com/stocks/xnas/itqru/financials
ITQRW	https://www.morningstar.com/stocks/xnas/itqrw/financials
JCIC	https://www.morningstar.com/stocks/xnas/jcic/financials
JCICU	https://www.morningstar.com/stocks/xnas/jcicu/financials
JCICW	https://www.morningstar.com/stocks/xnas/jcicw/financials
JMPNL	https://www.morningstar.com/stocks/xnas/jmpnl/financials
JMPNZ	https://www.morningstar.com/stocks/xnas/jmpnz/financials
JOFFW	https://www.morningstar.com/stocks/xnas/joffw/financials
JSM	https://www.morningstar.com/stocks/xnas/jsm/financials
KAII	https://www.morningstar.com/stocks/xnas/kaii/financials
KAIIU	https://www.morningstar.com/stocks/xnas/kaiiu/financials
KAIIW	https://www.morningstar.com/stocks/xnas/kaiiw/financials
KAIR	https://www.morningstar.com/stocks/xnas/kair/financials
KAIRU	https://www.morningstar.com/stocks/xnas/kairu/financials
KAIRW	https://www.morningstar.com/stocks/xnas/kairw/financials
KFFB	https://www.morningstar.com/stocks/xnas/kffb/financials
KIII	https://www.morningstar.com/stocks/xnas/kiii/financials
KIIIU	https://www.morningstar.com/stocks/xnas/kiiiu/financials
KIIIW	https://www.morningstar.com/stocks/xnas/kiiiw/financials
KINS	https://www.morningstar.com/stocks/xnas/kins/financials
KINZW	https://www.morningstar.com/stocks/xnas/kinzw/financials
KLAQW	https://www.morningstar.com/stocks/xnas/klaqw/financials
KNSL	https://www.morningstar.com/stocks/xnas/knsl/financials
KRNL	https://www.morningstar.com/stocks/xnas/krnl/financials
KRNLU	https://www.morningstar.com/stocks/xnas/krnlu/financials
KRNLW	https://www.morningstar.com/stocks/xnas/krnlw/financials
KRNY	https://www.morningstar.com/stocks/xnas/krny/financials
KSI	https://www.morningstar.com/stocks/xnas/ksi/financials
KSICU	https://www.morningstar.com/stocks/xnas/ksicu/financials
KSICW	https://www.morningstar.com/stocks/xnas/ksicw/financials
KURIU	https://www.morningstar.com/stocks/xnas/kuriu/financials
KURIW	https://www.morningstar.com/stocks/xnas/kuriw/financials
LARK	https://www.morningstar.com/stocks/xnas/lark/financials
LATN	https://www.morningstar.com/stocks/xnas/latn/financials
LATNU	https://www.morningstar.com/stocks/xnas/latnu/financials
LATNW	https://www.morningstar.com/stocks/xnas/latnw/financials
LBAI	https://www.morningstar.com/stocks/xnas/lbai/financials
LBC	https://www.morningstar.com/stocks/xnas/lbc/financials
LCAHW	https://www.morningstar.com/stocks/xnas/lcahw/financials
LCAPW	https://www.morningstar.com/stocks/xnas/lcapw/financials
LCNB	https://www.morningstar.com/stocks/xnas/lcnb/financials
LDHA	https://www.morningstar.com/stocks/xnas/ldha/financials
LDHAU	https://www.morningstar.com/stocks/xnas/ldhau/financials
LDHAW	https://www.morningstar.com/stocks/xnas/ldhaw/financials
LEGA	https://www.morningstar.com/stocks/xnas/lega/financials
LEGAU	https://www.morningstar.com/stocks/xnas/legau/financials
LEGAW	https://www.morningstar.com/stocks/xnas/legaw/financials
LEGOW	https://www.morningstar.com/stocks/xnas/legow/financials
LEVL	https://www.morningstar.com/stocks/xnas/levl/financials
LFTRW	https://www.morningstar.com/stocks/xnas/lftrw/financials
LJAQ	https://www.morningstar.com/stocks/xnas/ljaq/financials
LJAQW	https://www.morningstar.com/stocks/xnas/ljaqw/financials
LKFN	https://www.morningstar.com/stocks/xnas/lkfn/financials
LMACW	https://www.morningstar.com/stocks/xnas/lmacw/financials
LMAOW	https://www.morningstar.com/stocks/xnas/lmaow/financials
LMFA	https://www.morningstar.com/stocks/xnas/lmfa/financials
LMST	https://www.morningstar.com/stocks/xnas/lmst/financials
LOB	https://www.morningstar.com/stocks/xnas/lob/financials
LPLA	https://www.morningstar.com/stocks/xnas/lpla/financials
LPRO	https://www.morningstar.com/stocks/xnas/lpro/financials
LSBK	https://www.morningstar.com/stocks/xnas/lsbk/financials
LUXAW	https://www.morningstar.com/stocks/xnas/luxaw/financials
LWACW	https://www.morningstar.com/stocks/xnas/lwacw/financials
MAACW	https://www.morningstar.com/stocks/xnas/maacw/financials
MACA	https://www.morningstar.com/stocks/xnas/maca/financials
MACAU	https://www.morningstar.com/stocks/xnas/macau/financials
MACAW	https://www.morningstar.com/stocks/xnas/macaw/financials
MACQ	https://www.morningstar.com/stocks/xnas/macq/financials
MACUW	https://www.morningstar.com/stocks/xnas/macuw/financials
MAQCW	https://www.morningstar.com/stocks/xnas/maqcw/financials
MARA	https://www.morningstar.com/stocks/xnas/mara/financials
MBCN	https://www.morningstar.com/stocks/xnas/mbcn/financials
MBIN	https://www.morningstar.com/stocks/xnas/mbin/financials
MBINN	https://www.morningstar.com/stocks/xnas/mbinn/financials
MBINO	https://www.morningstar.com/stocks/xnas/mbino/financials
MBINP	https://www.morningstar.com/stocks/xnas/mbinp/financials
MBNKP	https://www.morningstar.com/stocks/xnas/mbnkp/financials
MBTC	https://www.morningstar.com/stocks/xnas/mbtc/financials
MBTCU	https://www.morningstar.com/stocks/xnas/mbtcu/financials
MBWM	https://www.morningstar.com/stocks/xnas/mbwm/financials
MCADR	https://www.morningstar.com/stocks/xnas/mcadr/financials
MCBC	https://www.morningstar.com/stocks/xnas/mcbc/financials
MCBS	https://www.morningstar.com/stocks/xnas/mcbs/financials
MCMJW	https://www.morningstar.com/stocks/xnas/mcmjw/financials
MDWT	https://www.morningstar.com/stocks/xnas/mdwt/financials
MFIN	https://www.morningstar.com/stocks/xnas/mfin/financials
MFNC	https://www.morningstar.com/stocks/xnas/mfnc/financials
MGYR	https://www.morningstar.com/stocks/xnas/mgyr/financials
MILE	https://www.morningstar.com/stocks/xnas/mile/financials
MKTX	https://www.morningstar.com/stocks/xnas/mktx/financials
MLVF	https://www.morningstar.com/stocks/xnas/mlvf/financials
MMAC	https://www.morningstar.com/stocks/xnas/mmac/financials
MNSB	https://www.morningstar.com/stocks/xnas/mnsb/financials
MNSBP	https://www.morningstar.com/stocks/xnas/mnsbp/financials
MOFG	https://www.morningstar.com/stocks/xnas/mofg/financials
MONCW	https://www.morningstar.com/stocks/xnas/moncw/financials
MOTNW	https://www.morningstar.com/stocks/xnas/motnw/financials
MPB	https://www.morningstar.com/stocks/xnas/mpb/financials
MRAC	https://www.morningstar.com/stocks/xnas/mrac/financials
MRACU	https://www.morningstar.com/stocks/xnas/mracu/financials
MRACW	https://www.morningstar.com/stocks/xnas/mracw/financials
MRBK	https://www.morningstar.com/stocks/xnas/mrbk/financials
MRCC	https://www.morningstar.com/stocks/xnas/mrcc/financials
MRLN	https://www.morningstar.com/stocks/xnas/mrln/financials
MSAC	https://www.morningstar.com/stocks/xnas/msac/financials
MSACW	https://www.morningstar.com/stocks/xnas/msacw/financials
MSBI	https://www.morningstar.com/stocks/xnas/msbi/financials
MSDA	https://www.morningstar.com/stocks/xnas/msda/financials
MSDAU	https://www.morningstar.com/stocks/xnas/msdau/financials
MSDAW	https://www.morningstar.com/stocks/xnas/msdaw/financials
MSVB	https://www.morningstar.com/stocks/xnas/msvb/financials
MTACW	https://www.morningstar.com/stocks/xnas/mtacw/financials
MUDSW	https://www.morningstar.com/stocks/xnas/mudsw/financials
MVBF	https://www.morningstar.com/stocks/xnas/mvbf/financials
MYFW	https://www.morningstar.com/stocks/xnas/myfw/financials
NAVI	https://www.morningstar.com/stocks/xnas/navi/financials
NBN	https://www.morningstar.com/stocks/xnas/nbn/financials
NBSTW	https://www.morningstar.com/stocks/xnas/nbstw/financials
NBTB	https://www.morningstar.com/stocks/xnas/nbtb/financials
NCBS	https://www.morningstar.com/stocks/xnas/ncbs/financials
NDAC	https://www.morningstar.com/stocks/xnas/ndac/financials
NEBCW	https://www.morningstar.com/stocks/xnas/nebcw/financials
NESRW	https://www.morningstar.com/stocks/xnas/nesrw/financials
NEWT	https://www.morningstar.com/stocks/xnas/newt/financials
NFBK	https://www.morningstar.com/stocks/xnas/nfbk/financials
NGAC	https://www.morningstar.com/stocks/xnas/ngac/financials
NGACU	https://www.morningstar.com/stocks/xnas/ngacu/financials
NGACW	https://www.morningstar.com/stocks/xnas/ngacw/financials
NGCA	https://www.morningstar.com/stocks/xnas/ngca/financials
NGCAU	https://www.morningstar.com/stocks/xnas/ngcau/financials
NGCAW	https://www.morningstar.com/stocks/xnas/ngcaw/financials
NKSH	https://www.morningstar.com/stocks/xnas/nksh/financials
NMFC	https://www.morningstar.com/stocks/xnas/nmfc/financials
NMIH	https://www.morningstar.com/stocks/xnas/nmih/financials
NMMCW	https://www.morningstar.com/stocks/xnas/nmmcw/financials
NMRK	https://www.morningstar.com/stocks/xnas/nmrk/financials
NOACW	https://www.morningstar.com/stocks/xnas/noacw/financials
NODK	https://www.morningstar.com/stocks/xnas/nodk/financials
NRAC	https://www.morningstar.com/stocks/xnas/nrac/financials
NRACU	https://www.morningstar.com/stocks/xnas/nracu/financials
NRACW	https://www.morningstar.com/stocks/xnas/nracw/financials
NRIM	https://www.morningstar.com/stocks/xnas/nrim/financials
NSEC	https://www.morningstar.com/stocks/xnas/nsec/financials
NTRS	https://www.morningstar.com/stocks/xnas/ntrs/financials
NTRSO	https://www.morningstar.com/stocks/xnas/ntrso/financials
NVSA	https://www.morningstar.com/stocks/xnas/nvsa/financials
NVSAU	https://www.morningstar.com/stocks/xnas/nvsau/financials
NVSAW	https://www.morningstar.com/stocks/xnas/nvsaw/financials
NWBI	https://www.morningstar.com/stocks/xnas/nwbi/financials
NWFL	https://www.morningstar.com/stocks/xnas/nwfl/financials
NWLI	https://www.morningstar.com/stocks/xnas/nwli/financials
OBNK	https://www.morningstar.com/stocks/xnas/obnk/financials
OCAXW	https://www.morningstar.com/stocks/xnas/ocaxw/financials
OCCI	https://www.morningstar.com/stocks/xnas/occi/financials
OCCIO	https://www.morningstar.com/stocks/xnas/occio/financials
OCCIP	https://www.morningstar.com/stocks/xnas/occip/financials
OCFC	https://www.morningstar.com/stocks/xnas/ocfc/financials
OCFCP	https://www.morningstar.com/stocks/xnas/ocfcp/financials
OCSL	https://www.morningstar.com/stocks/xnas/ocsl/financials
OEPWW	https://www.morningstar.com/stocks/xnas/oepww/financials
OFED	https://www.morningstar.com/stocks/xnas/ofed/financials
OFS	https://www.morningstar.com/stocks/xnas/ofs/financials
OFSSG	https://www.morningstar.com/stocks/xnas/ofssg/financials
OFSSI	https://www.morningstar.com/stocks/xnas/ofssi/financials
OHPAU	https://www.morningstar.com/stocks/xnas/ohpau/financials
OMEG	https://www.morningstar.com/stocks/xnas/omeg/financials
ONB	https://www.morningstar.com/stocks/xnas/onb/financials
OPBK	https://www.morningstar.com/stocks/xnas/opbk/financials
OPEN	https://www.morningstar.com/stocks/xnas/open/financials
OPENW	https://www.morningstar.com/stocks/xnas/openw/financials
OPHC	https://www.morningstar.com/stocks/xnas/ophc/financials
OPOF	https://www.morningstar.com/stocks/xnas/opof/financials
OPRT	https://www.morningstar.com/stocks/xnas/oprt/financials
ORGN	https://www.morningstar.com/stocks/xnas/orgn/financials
ORGNW	https://www.morningstar.com/stocks/xnas/orgnw/financials
ORRF	https://www.morningstar.com/stocks/xnas/orrf/financials
OSBC	https://www.morningstar.com/stocks/xnas/osbc/financials
OSTRW	https://www.morningstar.com/stocks/xnas/ostrw/financials
OTRAW	https://www.morningstar.com/stocks/xnas/otraw/financials
OVBC	https://www.morningstar.com/stocks/xnas/ovbc/financials
OVLY	https://www.morningstar.com/stocks/xnas/ovly/financials
OXLC	https://www.morningstar.com/stocks/xnas/oxlc/financials
OXLCL	https://www.morningstar.com/stocks/xnas/oxlcl/financials
OXLCM	https://www.morningstar.com/stocks/xnas/oxlcm/financials
OXLCP	https://www.morningstar.com/stocks/xnas/oxlcp/financials
OXSQ	https://www.morningstar.com/stocks/xnas/oxsq/financials
OXSQZ	https://www.morningstar.com/stocks/xnas/oxsqz/financials
OZK	https://www.morningstar.com/stocks/xnas/ozk/financials
PACW	https://www.morningstar.com/stocks/xnas/pacw/financials
PACX	https://www.morningstar.com/stocks/xnas/pacx/financials
PACXU	https://www.morningstar.com/stocks/xnas/pacxu/financials
PACXW	https://www.morningstar.com/stocks/xnas/pacxw/financials
PAICW	https://www.morningstar.com/stocks/xnas/paicw/financials
PANA	https://www.morningstar.com/stocks/xnas/pana/financials
PBCT	https://www.morningstar.com/stocks/xnas/pbct/financials
PBCTP	https://www.morningstar.com/stocks/xnas/pbctp/financials
PBFS	https://www.morningstar.com/stocks/xnas/pbfs/financials
PBHC	https://www.morningstar.com/stocks/xnas/pbhc/financials
PBIP	https://www.morningstar.com/stocks/xnas/pbip/financials
PCB	https://www.morningstar.com/stocks/xnas/pcb/financials
PCSB	https://www.morningstar.com/stocks/xnas/pcsb/financials
PEBK	https://www.morningstar.com/stocks/xnas/pebk/financials
PEBO	https://www.morningstar.com/stocks/xnas/pebo/financials
PFBC	https://www.morningstar.com/stocks/xnas/pfbc/financials
PFBI	https://www.morningstar.com/stocks/xnas/pfbi/financials
PFC	https://www.morningstar.com/stocks/xnas/pfc/financials
PFDR	https://www.morningstar.com/stocks/xnas/pfdr/financials
PFDRU	https://www.morningstar.com/stocks/xnas/pfdru/financials
PFDRW	https://www.morningstar.com/stocks/xnas/pfdrw/financials
PFG	https://www.morningstar.com/stocks/xnas/pfg/financials
PFHD	https://www.morningstar.com/stocks/xnas/pfhd/financials
PFIS	https://www.morningstar.com/stocks/xnas/pfis/financials
PFLT	https://www.morningstar.com/stocks/xnas/pflt/financials
PFX	https://www.morningstar.com/stocks/xnas/pfx/financials
PFXNL	https://www.morningstar.com/stocks/xnas/pfxnl/financials
PGC	https://www.morningstar.com/stocks/xnas/pgc/financials
PGRWW	https://www.morningstar.com/stocks/xnas/pgrww/financials
PHIC	https://www.morningstar.com/stocks/xnas/phic/financials
PHICU	https://www.morningstar.com/stocks/xnas/phicu/financials
PHICW	https://www.morningstar.com/stocks/xnas/phicw/financials
PKBK	https://www.morningstar.com/stocks/xnas/pkbk/financials
PLBC	https://www.morningstar.com/stocks/xnas/plbc/financials
PLMI	https://www.morningstar.com/stocks/xnas/plmi/financials
PLMIU	https://www.morningstar.com/stocks/xnas/plmiu/financials
PLMIW	https://www.morningstar.com/stocks/xnas/plmiw/financials
PLMR	https://www.morningstar.com/stocks/xnas/plmr/financials
PMBC	https://www.morningstar.com/stocks/xnas/pmbc/financials
PMGMW	https://www.morningstar.com/stocks/xnas/pmgmw/financials
PNBK	https://www.morningstar.com/stocks/xnas/pnbk/financials
PNFP	https://www.morningstar.com/stocks/xnas/pnfp/financials
PNFPP	https://www.morningstar.com/stocks/xnas/pnfpp/financials
PNNT	https://www.morningstar.com/stocks/xnas/pnnt/financials
PNNTG	https://www.morningstar.com/stocks/xnas/pnntg/financials
POW	https://www.morningstar.com/stocks/xnas/pow/financials
POWRU	https://www.morningstar.com/stocks/xnas/powru/financials
POWRW	https://www.morningstar.com/stocks/xnas/powrw/financials
PPBI	https://www.morningstar.com/stocks/xnas/ppbi/financials
PROV	https://www.morningstar.com/stocks/xnas/prov/financials
PRSR	https://www.morningstar.com/stocks/xnas/prsr/financials
PRSRU	https://www.morningstar.com/stocks/xnas/prsru/financials
PRSRW	https://www.morningstar.com/stocks/xnas/prsrw/financials
PSAGW	https://www.morningstar.com/stocks/xnas/psagw/financials
PSEC	https://www.morningstar.com/stocks/xnas/psec/financials
PTICW	https://www.morningstar.com/stocks/xnas/pticw/financials
PTMN	https://www.morningstar.com/stocks/xnas/ptmn/financials
PTOCW	https://www.morningstar.com/stocks/xnas/ptocw/financials
PTRS	https://www.morningstar.com/stocks/xnas/ptrs/financials
PUCKW	https://www.morningstar.com/stocks/xnas/puckw/financials
PVBC	https://www.morningstar.com/stocks/xnas/pvbc/financials
PWOD	https://www.morningstar.com/stocks/xnas/pwod/financials
PWPPW	https://www.morningstar.com/stocks/xnas/pwppw/financials
QCRH	https://www.morningstar.com/stocks/xnas/qcrh/financials
QELL	https://www.morningstar.com/stocks/xnas/qell/financials
QELLU	https://www.morningstar.com/stocks/xnas/qellu/financials
QELLW	https://www.morningstar.com/stocks/xnas/qellw/financials
QQQX	https://www.morningstar.com/stocks/xnas/qqqx/financials
RAND	https://www.morningstar.com/stocks/xnas/rand/financials
RBB	https://www.morningstar.com/stocks/xnas/rbb/financials
RBCAA	https://www.morningstar.com/stocks/xnas/rbcaa/financials
RBKB	https://www.morningstar.com/stocks/xnas/rbkb/financials
RBNC	https://www.morningstar.com/stocks/xnas/rbnc/financials
RCHGW	https://www.morningstar.com/stocks/xnas/rchgw/financials
RCLFW	https://www.morningstar.com/stocks/xnas/rclfw/financials
RDFN	https://www.morningstar.com/stocks/xnas/rdfn/financials
RELI	https://www.morningstar.com/stocks/xnas/reli/financials
REVH	https://www.morningstar.com/stocks/xnas/revh/financials
RILY	https://www.morningstar.com/stocks/xnas/rily/financials
RILYL	https://www.morningstar.com/stocks/xnas/rilyl/financials
RILYP	https://www.morningstar.com/stocks/xnas/rilyp/financials
RIVE	https://www.morningstar.com/stocks/xnas/rive/financials
RMGB	https://www.morningstar.com/stocks/xnas/rmgb/financials
RMGBU	https://www.morningstar.com/stocks/xnas/rmgbu/financials
RMGBW	https://www.morningstar.com/stocks/xnas/rmgbw/financials
RMGC	https://www.morningstar.com/stocks/xnas/rmgc/financials
RMGCU	https://www.morningstar.com/stocks/xnas/rmgcu/financials
RMGCW	https://www.morningstar.com/stocks/xnas/rmgcw/financials
RMR	https://www.morningstar.com/stocks/xnas/rmr/financials
RNDB	https://www.morningstar.com/stocks/xnas/rndb/financials
RNST	https://www.morningstar.com/stocks/xnas/rnst/financials
ROCCW	https://www.morningstar.com/stocks/xnas/roccw/financials
ROCRW	https://www.morningstar.com/stocks/xnas/rocrw/financials
ROOT	https://www.morningstar.com/stocks/xnas/root/financials
RRBI	https://www.morningstar.com/stocks/xnas/rrbi/financials
RTPY	https://www.morningstar.com/stocks/xnas/rtpy/financials
RTPYU	https://www.morningstar.com/stocks/xnas/rtpyu/financials
RTPYW	https://www.morningstar.com/stocks/xnas/rtpyw/financials
RVSB	https://www.morningstar.com/stocks/xnas/rvsb/financials
RXRAU	https://www.morningstar.com/stocks/xnas/rxrau/financials
RXRAW	https://www.morningstar.com/stocks/xnas/rxraw/financials
SAFT	https://www.morningstar.com/stocks/xnas/saft/financials
SAIIW	https://www.morningstar.com/stocks/xnas/saiiw/financials
SAL	https://www.morningstar.com/stocks/xnas/sal/financials
SAMG	https://www.morningstar.com/stocks/xnas/samg/financials
SASR	https://www.morningstar.com/stocks/xnas/sasr/financials
SBCF	https://www.morningstar.com/stocks/xnas/sbcf/financials
SBEA	https://www.morningstar.com/stocks/xnas/sbea/financials
SBFG	https://www.morningstar.com/stocks/xnas/sbfg/financials
SBNY	https://www.morningstar.com/stocks/xnas/sbny/financials
SBNYP	https://www.morningstar.com/stocks/xnas/sbnyp/financials
SBSI	https://www.morningstar.com/stocks/xnas/sbsi/financials
SBT	https://www.morningstar.com/stocks/xnas/sbt/financials
SCAQ	https://www.morningstar.com/stocks/xnas/scaq/financials
SCLEW	https://www.morningstar.com/stocks/xnas/sclew/financials
SDACW	https://www.morningstar.com/stocks/xnas/sdacw/financials
SEIC	https://www.morningstar.com/stocks/xnas/seic/financials
SFBC	https://www.morningstar.com/stocks/xnas/sfbc/financials
SFNC	https://www.morningstar.com/stocks/xnas/sfnc/financials
SFST	https://www.morningstar.com/stocks/xnas/sfst/financials
SGAMW	https://www.morningstar.com/stocks/xnas/sgamw/financials
SHACW	https://www.morningstar.com/stocks/xnas/shacw/financials
SHBI	https://www.morningstar.com/stocks/xnas/shbi/financials
SIEB	https://www.morningstar.com/stocks/xnas/sieb/financials
SIGI	https://www.morningstar.com/stocks/xnas/sigi/financials
SIGIP	https://www.morningstar.com/stocks/xnas/sigip/financials
SIVB	https://www.morningstar.com/stocks/xnas/sivb/financials
SIVBP	https://www.morningstar.com/stocks/xnas/sivbp/financials
SKINW	https://www.morningstar.com/stocks/xnas/skinw/financials
SKYAU	https://www.morningstar.com/stocks/xnas/skyau/financials
SLAM	https://www.morningstar.com/stocks/xnas/slam/financials
SLAMU	https://www.morningstar.com/stocks/xnas/slamu/financials
SLCT	https://www.morningstar.com/stocks/xnas/slct/financials
SLM	https://www.morningstar.com/stocks/xnas/slm/financials
SLMBP	https://www.morningstar.com/stocks/xnas/slmbp/financials
SLRC	https://www.morningstar.com/stocks/xnas/slrc/financials
SMBC	https://www.morningstar.com/stocks/xnas/smbc/financials
SMBK	https://www.morningstar.com/stocks/xnas/smbk/financials
SMMF	https://www.morningstar.com/stocks/xnas/smmf/financials
SNEX	https://www.morningstar.com/stocks/xnas/snex/financials
SNFCA	https://www.morningstar.com/stocks/xnas/snfca/financials
SNRHW	https://www.morningstar.com/stocks/xnas/snrhw/financials
SOFI	https://www.morningstar.com/stocks/xnas/sofi/financials
SPFI	https://www.morningstar.com/stocks/xnas/spfi/financials
SPKB	https://www.morningstar.com/stocks/xnas/spkb/financials
SPKBU	https://www.morningstar.com/stocks/xnas/spkbu/financials
SPTK	https://www.morningstar.com/stocks/xnas/sptk/financials
SPTKW	https://www.morningstar.com/stocks/xnas/sptkw/financials
SRACW	https://www.morningstar.com/stocks/xnas/sracw/financials
SRCE	https://www.morningstar.com/stocks/xnas/srce/financials
SRNG	https://www.morningstar.com/stocks/xnas/srng/financials
SRNGU	https://www.morningstar.com/stocks/xnas/srngu/financials
SRSA	https://www.morningstar.com/stocks/xnas/srsa/financials
SRSAU	https://www.morningstar.com/stocks/xnas/srsau/financials
SRSAW	https://www.morningstar.com/stocks/xnas/srsaw/financials
SSAAW	https://www.morningstar.com/stocks/xnas/ssaaw/financials
SSB	https://www.morningstar.com/stocks/xnas/ssb/financials
SSBI	https://www.morningstar.com/stocks/xnas/ssbi/financials
SSSS	https://www.morningstar.com/stocks/xnas/ssss/financials
STBA	https://www.morningstar.com/stocks/xnas/stba/financials
STEP	https://www.morningstar.com/stocks/xnas/step/financials
STFC	https://www.morningstar.com/stocks/xnas/stfc/financials
STWO	https://www.morningstar.com/stocks/xnas/stwo/financials
STWOU	https://www.morningstar.com/stocks/xnas/stwou/financials
STWOW	https://www.morningstar.com/stocks/xnas/stwow/financials
STXB	https://www.morningstar.com/stocks/xnas/stxb/financials
SUNS	https://www.morningstar.com/stocks/xnas/suns/financials
SVACW	https://www.morningstar.com/stocks/xnas/svacw/financials
SVBI	https://www.morningstar.com/stocks/xnas/svbi/financials
SVFA	https://www.morningstar.com/stocks/xnas/svfa/financials
SVFAU	https://www.morningstar.com/stocks/xnas/svfau/financials
SVFAW	https://www.morningstar.com/stocks/xnas/svfaw/financials
SVFB	https://www.morningstar.com/stocks/xnas/svfb/financials
SVFC	https://www.morningstar.com/stocks/xnas/svfc/financials
SVOK	https://www.morningstar.com/stocks/xnas/svok/financials
SVOKW	https://www.morningstar.com/stocks/xnas/svokw/financials
SVSVU	https://www.morningstar.com/stocks/xnas/svsvu/financials
SVSVW	https://www.morningstar.com/stocks/xnas/svsvw/financials
SVVC	https://www.morningstar.com/stocks/xnas/svvc/financials
SWETW	https://www.morningstar.com/stocks/xnas/swetw/financials
SWKH	https://www.morningstar.com/stocks/xnas/swkh/financials
SYBT	https://www.morningstar.com/stocks/xnas/sybt/financials
TBBK	https://www.morningstar.com/stocks/xnas/tbbk/financials
TBCPW	https://www.morningstar.com/stocks/xnas/tbcpw/financials
TBK	https://www.morningstar.com/stocks/xnas/tbk/financials
TBKCP	https://www.morningstar.com/stocks/xnas/tbkcp/financials
TBNK	https://www.morningstar.com/stocks/xnas/tbnk/financials
TCAC	https://www.morningstar.com/stocks/xnas/tcac/financials
TCACU	https://www.morningstar.com/stocks/xnas/tcacu/financials
TCACW	https://www.morningstar.com/stocks/xnas/tcacw/financials
TCBI	https://www.morningstar.com/stocks/xnas/tcbi/financials
TCBIO	https://www.morningstar.com/stocks/xnas/tcbio/financials
TCBK	https://www.morningstar.com/stocks/xnas/tcbk/financials
TCFC	https://www.morningstar.com/stocks/xnas/tcfc/financials
TCPC	https://www.morningstar.com/stocks/xnas/tcpc/financials
TECTP	https://www.morningstar.com/stocks/xnas/tectp/financials
TEKK	https://www.morningstar.com/stocks/xnas/tekk/financials
TEKKU	https://www.morningstar.com/stocks/xnas/tekku/financials
TEKKW	https://www.morningstar.com/stocks/xnas/tekkw/financials
TETC	https://www.morningstar.com/stocks/xnas/tetc/financials
TETCU	https://www.morningstar.com/stocks/xnas/tetcu/financials
TETCW	https://www.morningstar.com/stocks/xnas/tetcw/financials
TFSL	https://www.morningstar.com/stocks/xnas/tfsl/financials
THFF	https://www.morningstar.com/stocks/xnas/thff/financials
THMA	https://www.morningstar.com/stocks/xnas/thma/financials
THMAW	https://www.morningstar.com/stocks/xnas/thmaw/financials
TIPT	https://www.morningstar.com/stocks/xnas/tipt/financials
TMKRW	https://www.morningstar.com/stocks/xnas/tmkrw/financials
TMPM	https://www.morningstar.com/stocks/xnas/tmpm/financials
TMPMU	https://www.morningstar.com/stocks/xnas/tmpmu/financials
TMPMW	https://www.morningstar.com/stocks/xnas/tmpmw/financials
TMTS	https://www.morningstar.com/stocks/xnas/tmts/financials
TMTSU	https://www.morningstar.com/stocks/xnas/tmtsu/financials
TMTSW	https://www.morningstar.com/stocks/xnas/tmtsw/financials
TOWN	https://www.morningstar.com/stocks/xnas/town/financials
TREE	https://www.morningstar.com/stocks/xnas/tree/financials
TRIN	https://www.morningstar.com/stocks/xnas/trin/financials
TRMK	https://www.morningstar.com/stocks/xnas/trmk/financials
TROW	https://www.morningstar.com/stocks/xnas/trow/financials
TRST	https://www.morningstar.com/stocks/xnas/trst/financials
TSBK	https://www.morningstar.com/stocks/xnas/tsbk/financials
TSC	https://www.morningstar.com/stocks/xnas/tsc/financials
TSCAP	https://www.morningstar.com/stocks/xnas/tscap/financials
TSCBP	https://www.morningstar.com/stocks/xnas/tscbp/financials
TSIBW	https://www.morningstar.com/stocks/xnas/tsibw/financials
TUGC	https://www.morningstar.com/stocks/xnas/tugc/financials
TUGCU	https://www.morningstar.com/stocks/xnas/tugcu/financials
TUGCW	https://www.morningstar.com/stocks/xnas/tugcw/financials
TURN	https://www.morningstar.com/stocks/xnas/turn/financials
TVACW	https://www.morningstar.com/stocks/xnas/tvacw/financials
TW	https://www.morningstar.com/stocks/xnas/tw/financials
TWCTW	https://www.morningstar.com/stocks/xnas/twctw/financials
TWLV	https://www.morningstar.com/stocks/xnas/twlv/financials
TWLVU	https://www.morningstar.com/stocks/xnas/twlvu/financials
TZPS	https://www.morningstar.com/stocks/xnas/tzps/financials
TZPSU	https://www.morningstar.com/stocks/xnas/tzpsu/financials
TZPSW	https://www.morningstar.com/stocks/xnas/tzpsw/financials
UBCP	https://www.morningstar.com/stocks/xnas/ubcp/financials
UBFO	https://www.morningstar.com/stocks/xnas/ubfo/financials
UBOH	https://www.morningstar.com/stocks/xnas/uboh/financials
UBSI	https://www.morningstar.com/stocks/xnas/ubsi/financials
UCBI	https://www.morningstar.com/stocks/xnas/ucbi/financials
UCBIO	https://www.morningstar.com/stocks/xnas/ucbio/financials
UFCS	https://www.morningstar.com/stocks/xnas/ufcs/financials
UIHC	https://www.morningstar.com/stocks/xnas/uihc/financials
UMBF	https://www.morningstar.com/stocks/xnas/umbf/financials
UMPQ	https://www.morningstar.com/stocks/xnas/umpq/financials
UNAM	https://www.morningstar.com/stocks/xnas/unam/financials
UNB	https://www.morningstar.com/stocks/xnas/unb/financials
UNTY	https://www.morningstar.com/stocks/xnas/unty/financials
UPST	https://www.morningstar.com/stocks/xnas/upst/financials
USIO	https://www.morningstar.com/stocks/xnas/usio/financials
USWSW	https://www.morningstar.com/stocks/xnas/uswsw/financials
UVSP	https://www.morningstar.com/stocks/xnas/uvsp/financials
VABK	https://www.morningstar.com/stocks/xnas/vabk/financials
VACQ	https://www.morningstar.com/stocks/xnas/vacq/financials
VACQU	https://www.morningstar.com/stocks/xnas/vacqu/financials
VAQC	https://www.morningstar.com/stocks/xnas/vaqc/financials
VBFC	https://www.morningstar.com/stocks/xnas/vbfc/financials
VBTX	https://www.morningstar.com/stocks/xnas/vbtx/financials
VCTR	https://www.morningstar.com/stocks/xnas/vctr/financials
VCVCW	https://www.morningstar.com/stocks/xnas/vcvcw/financials
VENA	https://www.morningstar.com/stocks/xnas/vena/financials
VENAR	https://www.morningstar.com/stocks/xnas/venar/financials
VENAU	https://www.morningstar.com/stocks/xnas/venau/financials
VENAW	https://www.morningstar.com/stocks/xnas/venaw/financials
VERY	https://www.morningstar.com/stocks/xnas/very/financials
VIH	https://www.morningstar.com/stocks/xnas/vih/financials
VIHAU	https://www.morningstar.com/stocks/xnas/vihau/financials
VIHAW	https://www.morningstar.com/stocks/xnas/vihaw/financials
VIIAW	https://www.morningstar.com/stocks/xnas/viiaw/financials
VINO	https://www.morningstar.com/stocks/xnas/vino/financials
VIRT	https://www.morningstar.com/stocks/xnas/virt/financials
VLY	https://www.morningstar.com/stocks/xnas/vly/financials
VLYPO	https://www.morningstar.com/stocks/xnas/vlypo/financials
VLYPP	https://www.morningstar.com/stocks/xnas/vlypp/financials
VMACW	https://www.morningstar.com/stocks/xnas/vmacw/financials
VOSOW	https://www.morningstar.com/stocks/xnas/vosow/financials
VPCB	https://www.morningstar.com/stocks/xnas/vpcb/financials
VPCBU	https://www.morningstar.com/stocks/xnas/vpcbu/financials
VPCBW	https://www.morningstar.com/stocks/xnas/vpcbw/financials
VRTS	https://www.morningstar.com/stocks/xnas/vrts/financials
VTAQR	https://www.morningstar.com/stocks/xnas/vtaqr/financials
VTAQW	https://www.morningstar.com/stocks/xnas/vtaqw/financials
VTIQW	https://www.morningstar.com/stocks/xnas/vtiqw/financials
WABC	https://www.morningstar.com/stocks/xnas/wabc/financials
WAFD	https://www.morningstar.com/stocks/xnas/wafd/financials
WAFDP	https://www.morningstar.com/stocks/xnas/wafdp/financials
WALD	https://www.morningstar.com/stocks/xnas/wald/financials
WALDU	https://www.morningstar.com/stocks/xnas/waldu/financials
WALDW	https://www.morningstar.com/stocks/xnas/waldw/financials
WASH	https://www.morningstar.com/stocks/xnas/wash/financials
WETF	https://www.morningstar.com/stocks/xnas/wetf/financials
WHFBZ	https://www.morningstar.com/stocks/xnas/whfbz/financials
WMPN	https://www.morningstar.com/stocks/xnas/wmpn/financials
WNEB	https://www.morningstar.com/stocks/xnas/wneb/financials
WRLD	https://www.morningstar.com/stocks/xnas/wrld/financials
WSBC	https://www.morningstar.com/stocks/xnas/wsbc/financials
WSBCP	https://www.morningstar.com/stocks/xnas/wsbcp/financials
WSBF	https://www.morningstar.com/stocks/xnas/wsbf/financials
WSFS	https://www.morningstar.com/stocks/xnas/wsfs/financials
WTBA	https://www.morningstar.com/stocks/xnas/wtba/financials
WTFC	https://www.morningstar.com/stocks/xnas/wtfc/financials
WTFCM	https://www.morningstar.com/stocks/xnas/wtfcm/financials
WTFCP	https://www.morningstar.com/stocks/xnas/wtfcp/financials
WVFC	https://www.morningstar.com/stocks/xnas/wvfc/financials
XPDIW	https://www.morningstar.com/stocks/xnas/xpdiw/financials
YSACW	https://www.morningstar.com/stocks/xnas/ysacw/financials
ZION	https://www.morningstar.com/stocks/xnas/zion/financials
ZIONL	https://www.morningstar.com/stocks/xnas/zionl/financials
ZIONO	https://www.morningstar.com/stocks/xnas/ziono/financials
ZIONP	https://www.morningstar.com/stocks/xnas/zionp/financials
ZNTEW	https://www.morningstar.com/stocks/xnas/zntew/financials
ZWRKW	https://www.morningstar.com/stocks/xnas/zwrkw/financials
