ALMIL	https://www.morningstar.com/stocks/xpar/almil/valuation
2020	https://www.morningstar.com/stocks/xosl/2020/valuation
2CRSI	https://www.morningstar.com/stocks/xpar/2crsi/valuation
2MX	https://www.morningstar.com/stocks/xpar/2mx/valuation
2MXBS	https://www.morningstar.com/stocks/xpar/2mxbs/valuation
5PG	https://www.morningstar.com/stocks/xosl/5pg/valuation
MLATV	https://www.morningstar.com/stocks/xpar/mlatv/valuation
ASP	https://www.morningstar.com/stocks/xpar/asp/valuation
AALB	https://www.morningstar.com/stocks/xams/aalb/valuation
AASB	https://www.morningstar.com/stocks/xosl/aasb/valuation
ABI	https://www.morningstar.com/stocks/xbru/abi/valuation
AB	https://www.morningstar.com/stocks/xpar/ab/valuation

ABCA	https://www.morningstar.com/stocks/xpar/abca/valuation
ABEO	https://www.morningstar.com/stocks/xpar/abeo/valuation
ABG	https://www.morningstar.com/stocks/xosl/abg/valuation
ABNX	https://www.morningstar.com/stocks/xpar/abnx/valuation
ABVX	https://www.morningstar.com/stocks/xpar/abvx/valuation
ABN	https://www.morningstar.com/stocks/xams/abn/valuation
ABO	https://www.morningstar.com/stocks/xbru/abo/valuation
ACPH	https://www.morningstar.com/stocks/xbru/acph/valuation
ACAN	https://www.morningstar.com/stocks/xpar/acan/valuation
ACCEL	https://www.morningstar.com/stocks/xams/accel/valuation
ACCB	https://www.morningstar.com/stocks/xbru/accb/valuation
AC	https://www.morningstar.com/stocks/xpar/ac/valuation
AAC	https://www.morningstar.com/stocks/xpar/aac/valuation
ACNV	https://www.morningstar.com/stocks/xpar/acnv/valuation
AXS	https://www.morningstar.com/stocks/xams/axs/valuation
ALALO	https://www.morningstar.com/stocks/xpar/alalo/valuation
ACKB	https://www.morningstar.com/stocks/xbru/ackb/valuation
EOS	https://www.morningstar.com/stocks/xpar/eos/valuation
ATI	https://www.morningstar.com/stocks/xpar/ati/valuation
MLACT	https://www.morningstar.com/stocks/xpar/mlact/valuation

ALADA	https://www.morningstar.com/stocks/xpar/alada/valuation
ALDV	https://www.morningstar.com/stocks/xpar/aldv/valuation
ALARF	https://www.morningstar.com/stocks/xpar/alarf/valuation
ADE	https://www.morningstar.com/stocks/xosl/ade/valuation
ALP	https://www.morningstar.com/stocks/xpar/alp/valuation
ADOC	https://www.morningstar.com/stocks/xpar/adoc/valuation
ALADO	https://www.morningstar.com/stocks/xpar/alado/valuation
ADP	https://www.morningstar.com/stocks/xpar/adp/valuation
ADS	https://www.morningstar.com/stocks/xosl/ads/valuation
ALADM	https://www.morningstar.com/stocks/xpar/aladm/valuation
ADUX	https://www.morningstar.com/stocks/xpar/adux/valuation
ADV	https://www.morningstar.com/stocks/xpar/adv/valuation
ADVIC	https://www.morningstar.com/stocks/xpar/advic/valuation
ADVI	https://www.morningstar.com/stocks/xpar/advi/valuation
ADYEN	https://www.morningstar.com/stocks/xams/adyen/valuation
AED	https://www.morningstar.com/stocks/xbru/aed/valuation
AEGA	https://www.morningstar.com/stocks/xosl/aega/valuation
AGN	https://www.morningstar.com/stocks/xams/agn/valuation
AKOM	https://www.morningstar.com/stocks/xpar/akom/valuation
AFG	https://www.morningstar.com/stocks/xosl/afg/valuation
AFME	https://www.morningstar.com/stocks/xpar/afme/valuation
MLAGI	https://www.morningstar.com/stocks/xpar/mlagi/valuation
AGS	https://www.morningstar.com/stocks/xbru/ags/valuation

AGFB	https://www.morningstar.com/stocks/xbru/agfb/valuation
AGLX	https://www.morningstar.com/stocks/xosl/aglx/valuation
MLAGP	https://www.morningstar.com/stocks/xpar/mlagp/valuation
ALAGP	https://www.morningstar.com/stocks/xpar/alagp/valuation
ALAGR	https://www.morningstar.com/stocks/xpar/alagr/valuation
CUR	https://www.morningstar.com/stocks/xlis/cur/valuation
AD	https://www.morningstar.com/stocks/xams/ad/valuation
A5G	https://www.morningstar.com/stocks/xdub/a5g/valuation
AF	https://www.morningstar.com/stocks/xpar/af/valuation
AI	https://www.morningstar.com/stocks/xpar/ai/valuation
MLAIM	https://www.morningstar.com/stocks/xpar/mlaim/valuation
AIR	https://www.morningstar.com/stocks/xpar/air/valuation
AIRX	https://www.morningstar.com/stocks/xosl/airx/valuation
AJAX	https://www.morningstar.com/stocks/xams/ajax/valuation
AKAST	https://www.morningstar.com/stocks/xosl/akast/valuation
AKER	https://www.morningstar.com/stocks/xosl/aker/valuation
AKBM	https://www.morningstar.com/stocks/xosl/akbm/valuation
AKRBP	https://www.morningstar.com/stocks/xosl/akrbp/valuation
ACC	https://www.morningstar.com/stocks/xosl/acc/valuation
ACH	https://www.morningstar.com/stocks/xosl/ach/valuation
AKH	https://www.morningstar.com/stocks/xosl/akh/valuation
AOW	https://www.morningstar.com/stocks/xosl/aow/valuation
AKSO	https://www.morningstar.com/stocks/xosl/akso/valuation
AKA	https://www.morningstar.com/stocks/xpar/aka/valuation
AKVA	https://www.morningstar.com/stocks/xosl/akva/valuation
AKW	https://www.morningstar.com/stocks/xpar/akw/valuation
AKZA	https://www.morningstar.com/stocks/xams/akza/valuation
AAA	https://www.morningstar.com/stocks/xpar/aaa/valuation
ABIO	https://www.morningstar.com/stocks/xpar/abio/valuation
ALCHI	https://www.morningstar.com/stocks/xpar/alchi/valuation
ALD	https://www.morningstar.com/stocks/xpar/ald/valuation
MLALE	https://www.morningstar.com/stocks/xpar/mlale/valuation
ALPHY	https://www.morningstar.com/stocks/xpar/alphy/valuation
ALFEN	https://www.morningstar.com/stocks/xams/alfen/valuation

ALLFG	https://www.morningstar.com/stocks/xams/allfg/valuation

CDANV	https://www.morningstar.com/stocks/xpar/cdanv/valuation
CDA	https://www.morningstar.com/stocks/xpar/cda/valuation
ALM	https://www.morningstar.com/stocks/xpar/alm/valuation
ALO	https://www.morningstar.com/stocks/xpar/alo/valuation
ALONV	https://www.morningstar.com/stocks/xpar/alonv/valuation
LTA	https://www.morningstar.com/stocks/xpar/lta/valuation
ALTA	https://www.morningstar.com/stocks/xpar/alta/valuation
AREIT	https://www.morningstar.com/stocks/xpar/areit/valuation
ATE	https://www.morningstar.com/stocks/xpar/ate/valuation
ALT	https://www.morningstar.com/stocks/xosl/alt/valuation
ALORA	https://www.morningstar.com/stocks/xpar/alora/valuation
ALTR	https://www.morningstar.com/stocks/xlis/altr/valuation
ALTUR	https://www.morningstar.com/stocks/xpar/altur/valuation
ALX	https://www.morningstar.com/stocks/xams/alx/valuation
MLALV	https://www.morningstar.com/stocks/xpar/mlalv/valuation
ALAMA	https://www.morningstar.com/stocks/xpar/alama/valuation
MLAAH	https://www.morningstar.com/stocks/xpar/mlaah/valuation
AMSC	https://www.morningstar.com/stocks/xosl/amsc/valuation
AMG	https://www.morningstar.com/stocks/xams/amg/valuation
ALMIB	https://www.morningstar.com/stocks/xpar/almib/valuation
AMPLI	https://www.morningstar.com/stocks/xpar/ampli/valuation
ACOMO	https://www.morningstar.com/stocks/xams/acomo/valuation
AMUN	https://www.morningstar.com/stocks/xpar/amun/valuation
ANDF	https://www.morningstar.com/stocks/xosl/andf/valuation

ANT	https://www.morningstar.com/stocks/xbru/ant/valuation
ALANT	https://www.morningstar.com/stocks/xpar/alant/valuation
APAM	https://www.morningstar.com/stocks/xams/apam/valuation
APM	https://www.morningstar.com/stocks/xpar/apm/valuation
ABT	https://www.morningstar.com/stocks/xosl/abt/valuation
AQUA	https://www.morningstar.com/stocks/xosl/aqua/valuation
ALAQU	https://www.morningstar.com/stocks/xpar/alaqu/valuation
ARAMI	https://www.morningstar.com/stocks/xpar/arami/valuation
ARCAD	https://www.morningstar.com/stocks/xams/arcad/valuation


MT	https://www.morningstar.com/stocks/xams/mt/valuation
ARCH	https://www.morningstar.com/stocks/xosl/arch/valuation
ALJXR	https://www.morningstar.com/stocks/xpar/aljxr/valuation
ABS	https://www.morningstar.com/stocks/xosl/abs/valuation
AFISH	https://www.morningstar.com/stocks/xosl/afish/valuation
AZT	https://www.morningstar.com/stocks/xosl/azt/valuation
ALCUR	https://www.morningstar.com/stocks/xpar/alcur/valuation
ARCUS	https://www.morningstar.com/stocks/xosl/arcus/valuation
MLARD	https://www.morningstar.com/stocks/xpar/mlard/valuation
ARDO	https://www.morningstar.com/stocks/xpar/ardo/valuation
AFK	https://www.morningstar.com/stocks/xosl/afk/valuation
ARG	https://www.morningstar.com/stocks/xpar/arg/valuation
ARGX	https://www.morningstar.com/stocks/xbru/argx/valuation
ARGEO	https://www.morningstar.com/stocks/xosl/argeo/valuation
AKE	https://www.morningstar.com/stocks/xpar/ake/valuation


MLARO	https://www.morningstar.com/stocks/xpar/mlaro/valuation
ARR	https://www.morningstar.com/stocks/xosl/arr/valuation
ARTE	https://www.morningstar.com/stocks/xpar/arte/valuation
ALATF	https://www.morningstar.com/stocks/xpar/alatf/valuation
PRC	https://www.morningstar.com/stocks/xpar/prc/valuation
ARTO	https://www.morningstar.com/stocks/xpar/arto/valuation
ASC	https://www.morningstar.com/stocks/xbru/asc/valuation
ASTK	https://www.morningstar.com/stocks/xosl/astk/valuation
MLAEM	https://www.morningstar.com/stocks/xpar/mlaem/valuation
ASIT	https://www.morningstar.com/stocks/xbru/asit/valuation
ASM	https://www.morningstar.com/stocks/xams/asm/valuation
ASML	https://www.morningstar.com/stocks/xams/asml/valuation
ASRNL	https://www.morningstar.com/stocks/xams/asrnl/valuation
GEN	https://www.morningstar.com/stocks/xbru/gen/valuation
ASY	https://www.morningstar.com/stocks/xpar/asy/valuation
ATA	https://www.morningstar.com/stocks/xpar/ata/valuation
ATEA	https://www.morningstar.com/stocks/xosl/atea/valuation
ATEME	https://www.morningstar.com/stocks/xpar/ateme/valuation
ATEB	https://www.morningstar.com/stocks/xbru/ateb/valuation
ASA	https://www.morningstar.com/stocks/xosl/asa/valuation
ATO	https://www.morningstar.com/stocks/xpar/ato/valuation
ATRS	https://www.morningstar.com/stocks/xams/atrs/valuation
AUB	https://www.morningstar.com/stocks/xpar/aub/valuation
MLAUD	https://www.morningstar.com/stocks/xpar/mlaud/valuation
ALAVY	https://www.morningstar.com/stocks/xpar/alavy/valuation
AUGR	https://www.morningstar.com/stocks/xpar/augr/valuation
ALAMG	https://www.morningstar.com/stocks/xpar/alamg/valuation
AURE	https://www.morningstar.com/stocks/xpar/aure/valuation
AURS	https://www.morningstar.com/stocks/xpar/aurs/valuation
AURG	https://www.morningstar.com/stocks/xosl/aurg/valuation
AUSS	https://www.morningstar.com/stocks/xosl/auss/valuation
AGAS	https://www.morningstar.com/stocks/xosl/agas/valuation
AVTX	https://www.morningstar.com/stocks/xams/avtx/valuation
AVT	https://www.morningstar.com/stocks/xpar/avt/valuation
AWDR	https://www.morningstar.com/stocks/xosl/awdr/valuation
ALNG	https://www.morningstar.com/stocks/xosl/alng/valuation
CS	https://www.morningstar.com/stocks/xpar/cs/valuation
ACR	https://www.morningstar.com/stocks/xosl/acr/valuation
AXW	https://www.morningstar.com/stocks/xpar/axw/valuation
AXXIS	https://www.morningstar.com/stocks/xosl/axxis/valuation
AYFIE	https://www.morningstar.com/stocks/xosl/ayfie/valuation
MLAZL	https://www.morningstar.com/stocks/xpar/mlazl/valuation
MLAAT	https://www.morningstar.com/stocks/xpar/mlaat/valuation
BSGR	https://www.morningstar.com/stocks/xams/bsgr/valuation
BCP	https://www.morningstar.com/stocks/xlis/bcp/valuation
B2H	https://www.morningstar.com/stocks/xosl/b2h/valuation
BCRA	https://www.morningstar.com/stocks/xpar/bcra/valuation
ALBKK	https://www.morningstar.com/stocks/xpar/albkk/valuation
BAIN	https://www.morningstar.com/stocks/xpar/bain/valuation
BAKKA	https://www.morningstar.com/stocks/xosl/bakka/valuation
BALTA	https://www.morningstar.com/stocks/xbru/balta/valuation
BALT	https://www.morningstar.com/stocks/xosl/balt/valuation
BALYO	https://www.morningstar.com/stocks/xpar/balyo/valuation
BAMNB	https://www.morningstar.com/stocks/xams/bamnb/valuation
BBV	https://www.morningstar.com/stocks/xbru/bbv/valuation
SANTA	https://www.morningstar.com/stocks/xbru/santa/valuation
BANI	https://www.morningstar.com/stocks/xbru/bani/valuation
DD7E	https://www.morningstar.com/stocks/xdub/dd7e/valuation
DD7D	https://www.morningstar.com/stocks/xdub/dd7d/valuation
BIRG	https://www.morningstar.com/stocks/xdub/birg/valuation
BUI	https://www.morningstar.com/stocks/xpar/bui/valuation
BAR	https://www.morningstar.com/stocks/xbru/bar/valuation
MLBAR	https://www.morningstar.com/stocks/xpar/mlbar/valuation
BFIT	https://www.morningstar.com/stocks/xams/bfit/valuation
BAS	https://www.morningstar.com/stocks/xbru/bas/valuation
BASS	https://www.morningstar.com/stocks/xpar/bass/valuation
BLC	https://www.morningstar.com/stocks/xpar/blc/valuation
MLBAT	https://www.morningstar.com/stocks/xpar/mlbat/valuation

ALBDM	https://www.morningstar.com/stocks/xpar/albdm/valuation
BESI	https://www.morningstar.com/stocks/xams/besi/valuation
MLBMD	https://www.morningstar.com/stocks/xpar/mlbmd/valuation
BEAB	https://www.morningstar.com/stocks/xbru/beab/valuation
BEFB	https://www.morningstar.com/stocks/xbru/befb/valuation
BEKB	https://www.morningstar.com/stocks/xbru/bekb/valuation
FBEL	https://www.morningstar.com/stocks/xpar/fbel/valuation
BLV	https://www.morningstar.com/stocks/xpar/blv/valuation
BELR	https://www.morningstar.com/stocks/xbru/belr/valuation
BELCO	https://www.morningstar.com/stocks/xosl/belco/valuation
BELU	https://www.morningstar.com/stocks/xbru/belu/valuation

BEN	https://www.morningstar.com/stocks/xpar/ben/valuation
SLBEN	https://www.morningstar.com/stocks/xlis/slben/valuation
BCS	https://www.morningstar.com/stocks/xosl/bcs/valuation
BGBIO	https://www.morningstar.com/stocks/xosl/bgbio/valuation
ALDBL	https://www.morningstar.com/stocks/xpar/aldbl/valuation
BBED	https://www.morningstar.com/stocks/xams/bbed/valuation
BEVER	https://www.morningstar.com/stocks/xams/bever/valuation
BEWI	https://www.morningstar.com/stocks/xosl/bewi/valuation


BB	https://www.morningstar.com/stocks/xpar/bb/valuation
BIG	https://www.morningstar.com/stocks/xpar/big/valuation

ALBLD	https://www.morningstar.com/stocks/xpar/albld/valuation
ALTUV	https://www.morningstar.com/stocks/xpar/altuv/valuation
BCART	https://www.morningstar.com/stocks/xbru/bcart/valuation
ALCOR	https://www.morningstar.com/stocks/xpar/alcor/valuation
BIM	https://www.morningstar.com/stocks/xpar/bim/valuation
ALBPS	https://www.morningstar.com/stocks/xpar/albps/valuation
BPSBS	https://www.morningstar.com/stocks/xpar/bpsbs/valuation
ALBIO	https://www.morningstar.com/stocks/xpar/albio/valuation
BIOBS	https://www.morningstar.com/stocks/xpar/biobs/valuation

BSP	https://www.morningstar.com/stocks/xosl/bsp/valuation
BLEE	https://www.morningstar.com/stocks/xpar/blee/valuation
MLBSP	https://www.morningstar.com/stocks/xpar/mlbsp/valuation
ALBLU	https://www.morningstar.com/stocks/xpar/alblu/valuation
BLUBS	https://www.morningstar.com/stocks/xpar/blubs/valuation
BLUBT	https://www.morningstar.com/stocks/xpar/blubt/valuation
BNP	https://www.morningstar.com/stocks/xpar/bnp/valuation

ALBOA	https://www.morningstar.com/stocks/xpar/alboa/valuation
MLONE	https://www.morningstar.com/stocks/xpar/mlone/valuation
BOEI	https://www.morningstar.com/stocks/xbru/boei/valuation
BOI	https://www.morningstar.com/stocks/xpar/boi/valuation


BOL	https://www.morningstar.com/stocks/xpar/bol/valuation
BON	https://www.morningstar.com/stocks/xpar/bon/valuation
BOTHE	https://www.morningstar.com/stocks/xbru/bothe/valuation
BONHR	https://www.morningstar.com/stocks/xosl/bonhr/valuation
BOOST	https://www.morningstar.com/stocks/xpar/boost/valuation
BOR	https://www.morningstar.com/stocks/xosl/bor/valuation
BORR	https://www.morningstar.com/stocks/xosl/borr/valuation
BRG	https://www.morningstar.com/stocks/xosl/brg/valuation
BOKA	https://www.morningstar.com/stocks/xams/boka/valuation

ALBOU	https://www.morningstar.com/stocks/xpar/albou/valuation
BSD	https://www.morningstar.com/stocks/xpar/bsd/valuation
BGHL	https://www.morningstar.com/stocks/xams/bghl/valuation
BGHS	https://www.morningstar.com/stocks/xams/bghs/valuation
BOUV	https://www.morningstar.com/stocks/xosl/bouv/valuation
EN	https://www.morningstar.com/stocks/xpar/en/valuation
BPOST	https://www.morningstar.com/stocks/xbru/bpost/valuation
BNB	https://www.morningstar.com/stocks/xbru/bnb/valuation
BRA	https://www.morningstar.com/stocks/xosl/bra/valuation
BREB	https://www.morningstar.com/stocks/xbru/breb/valuation
BRILL	https://www.morningstar.com/stocks/xams/brill/valuation

BRNL	https://www.morningstar.com/stocks/xams/brnl/valuation
BVI	https://www.morningstar.com/stocks/xpar/bvi/valuation
BUR	https://www.morningstar.com/stocks/xpar/bur/valuation
BWE	https://www.morningstar.com/stocks/xosl/bwe/valuation
BWEK	https://www.morningstar.com/stocks/xosl/bwek/valuation
BWIDL	https://www.morningstar.com/stocks/xosl/bwidl/valuation
BWLPG	https://www.morningstar.com/stocks/xosl/bwlpg/valuation
BWO	https://www.morningstar.com/stocks/xosl/bwo/valuation
BMA	https://www.morningstar.com/stocks/xosl/bma/valuation
CAT31	https://www.morningstar.com/stocks/xpar/cat31/valuation
ALCG	https://www.morningstar.com/stocks/xpar/alcg/valuation
CADLR	https://www.morningstar.com/stocks/xosl/cadlr/valuation
CAFO	https://www.morningstar.com/stocks/xpar/cafo/valuation
MLAAE	https://www.morningstar.com/stocks/xpar/mlaae/valuation
C5H	https://www.morningstar.com/stocks/xdub/c5h/valuation
CAMBI	https://www.morningstar.com/stocks/xosl/cambi/valuation
CBDG	https://www.morningstar.com/stocks/xpar/cbdg/valuation
CAMB	https://www.morningstar.com/stocks/xbru/camb/valuation
CAND	https://www.morningstar.com/stocks/xbru/cand/valuation
CAPLI	https://www.morningstar.com/stocks/xpar/capli/valuation
CAP	https://www.morningstar.com/stocks/xpar/cap/valuation
CARA	https://www.morningstar.com/stocks/xosl/cara/valuation
ALCRB	https://www.morningstar.com/stocks/xpar/alcrb/valuation
CPINV	https://www.morningstar.com/stocks/xbru/cpinv/valuation
ALCAR	https://www.morningstar.com/stocks/xpar/alcar/valuation
CARM	https://www.morningstar.com/stocks/xpar/carm/valuation
CARP	https://www.morningstar.com/stocks/xpar/carp/valuation
CA	https://www.morningstar.com/stocks/xpar/ca/valuation
CO	https://www.morningstar.com/stocks/xpar/co/valuation
CAS	https://www.morningstar.com/stocks/xpar/cas/valuation
CATG	https://www.morningstar.com/stocks/xpar/catg/valuation
CTRG	https://www.morningstar.com/stocks/xpar/ctrg/valuation
CATR	https://www.morningstar.com/stocks/xpar/catr/valuation
CBOT	https://www.morningstar.com/stocks/xpar/cbot/valuation

MLCEC	https://www.morningstar.com/stocks/xpar/mlcec/valuation
CGM	https://www.morningstar.com/stocks/xpar/cgm/valuation
ALCLS	https://www.morningstar.com/stocks/xpar/alcls/valuation
CYAD	https://www.morningstar.com/stocks/xbru/cyad/valuation
CENER	https://www.morningstar.com/stocks/xbru/cener/valuation
ALPCV	https://www.morningstar.com/stocks/xpar/alpcv/valuation
ALCES	https://www.morningstar.com/stocks/xpar/alces/valuation
MLCSA	https://www.morningstar.com/stocks/xpar/mlcsa/valuation
MLCSB	https://www.morningstar.com/stocks/xpar/mlcsb/valuation
CFEB	https://www.morningstar.com/stocks/xbru/cfeb/valuation
CFI	https://www.morningstar.com/stocks/xpar/cfi/valuation
MLCFM	https://www.morningstar.com/stocks/xpar/mlcfm/valuation
CGG	https://www.morningstar.com/stocks/xpar/cgg/valuation
CGGBS	https://www.morningstar.com/stocks/xpar/cggbs/valuation
CGGBT	https://www.morningstar.com/stocks/xpar/cggbt/valuation
MLCFD	https://www.morningstar.com/stocks/xpar/mlcfd/valuation
MLCVG	https://www.morningstar.com/stocks/xpar/mlcvg/valuation


CRI	https://www.morningstar.com/stocks/xpar/cri/valuation
CHSR	https://www.morningstar.com/stocks/xpar/chsr/valuation
MLCHE	https://www.morningstar.com/stocks/xpar/mlche/valuation
CHTEX	https://www.morningstar.com/stocks/xbru/chtex/valuation
MLTV	https://www.morningstar.com/stocks/xbru/mltv/valuation
CDI	https://www.morningstar.com/stocks/xpar/cdi/valuation

CIBBS	https://www.morningstar.com/stocks/xpar/cibbs/valuation
CIB	https://www.morningstar.com/stocks/xpar/cib/valuation
COMB	https://www.morningstar.com/stocks/xbru/comb/valuation
MLCMB	https://www.morningstar.com/stocks/xpar/mlcmb/valuation

MLCIO	https://www.morningstar.com/stocks/xpar/mlcio/valuation
CIRCA	https://www.morningstar.com/stocks/xosl/circa/valuation
CIS	https://www.morningstar.com/stocks/xbru/cis/valuation

CLA	https://www.morningstar.com/stocks/xpar/cla/valuation
ALCLA	https://www.morningstar.com/stocks/xpar/alcla/valuation
CSS	https://www.morningstar.com/stocks/xosl/css/valuation
CLOUD	https://www.morningstar.com/stocks/xosl/cloud/valuation
CMCOM	https://www.morningstar.com/stocks/xams/cmcom/valuation
COM	https://www.morningstar.com/stocks/xpar/com/valuation
CNV	https://www.morningstar.com/stocks/xpar/cnv/valuation
CNP	https://www.morningstar.com/stocks/xpar/cnp/valuation
COBH	https://www.morningstar.com/stocks/xbru/cobh/valuation
CCEP	https://www.morningstar.com/stocks/xams/ccep/valuation
COFA	https://www.morningstar.com/stocks/xpar/cofa/valuation
ALCOF	https://www.morningstar.com/stocks/xpar/alcof/valuation
CFN	https://www.morningstar.com/stocks/xlis/cfn/valuation
COFB	https://www.morningstar.com/stocks/xbru/cofb/valuation
ALLEC	https://www.morningstar.com/stocks/xpar/allec/valuation
ALCOG	https://www.morningstar.com/stocks/xpar/alcog/valuation
COH	https://www.morningstar.com/stocks/xpar/coh/valuation
ALCOI	https://www.morningstar.com/stocks/xpar/alcoi/valuation
RE	https://www.morningstar.com/stocks/xpar/re/valuation
MLCLP	https://www.morningstar.com/stocks/xpar/mlclp/valuation
COLR	https://www.morningstar.com/stocks/xbru/colr/valuation

ODET	https://www.morningstar.com/stocks/xpar/odet/valuation
MLMFI	https://www.morningstar.com/stocks/xpar/mlmfi/valuation
CDU	https://www.morningstar.com/stocks/xlis/cdu/valuation
MLCNT	https://www.morningstar.com/stocks/xpar/mlcnt/valuation
MLLCB	https://www.morningstar.com/stocks/xpar/mllcb/valuation
CONTX	https://www.morningstar.com/stocks/xosl/contx/valuation

CPA	https://www.morningstar.com/stocks/xlis/cpa/valuation
CRBN	https://www.morningstar.com/stocks/xams/crbn/valuation
CLB	https://www.morningstar.com/stocks/xams/clb/valuation
MLCOR	https://www.morningstar.com/stocks/xpar/mlcor/valuation
COR	https://www.morningstar.com/stocks/xlis/cor/valuation
MLCOU	https://www.morningstar.com/stocks/xpar/mlcou/valuation
COUR	https://www.morningstar.com/stocks/xpar/cour/valuation
COV	https://www.morningstar.com/stocks/xpar/cov/valuation
COVH	https://www.morningstar.com/stocks/xpar/covh/valuation


CRAYN	https://www.morningstar.com/stocks/xosl/crayn/valuation
CRAP	https://www.morningstar.com/stocks/xpar/crap/valuation
CRAV	https://www.morningstar.com/stocks/xpar/crav/valuation
CRBP2	https://www.morningstar.com/stocks/xpar/crbp2/valuation
CIV	https://www.morningstar.com/stocks/xpar/civ/valuation
CRLA	https://www.morningstar.com/stocks/xpar/crla/valuation
CRLO	https://www.morningstar.com/stocks/xpar/crlo/valuation
CMO	https://www.morningstar.com/stocks/xpar/cmo/valuation
CNF	https://www.morningstar.com/stocks/xpar/cnf/valuation
CCN	https://www.morningstar.com/stocks/xpar/ccn/valuation
CAF	https://www.morningstar.com/stocks/xpar/caf/valuation
CRSU	https://www.morningstar.com/stocks/xpar/crsu/valuation
CRTO	https://www.morningstar.com/stocks/xpar/crto/valuation


ACA	https://www.morningstar.com/stocks/xpar/aca/valuation
OPTI	https://www.morningstar.com/stocks/xbru/opti/valuation
DD8A	https://www.morningstar.com/stocks/xdub/dd8a/valuation
DD8B	https://www.morningstar.com/stocks/xdub/dd8b/valuation
CRG	https://www.morningstar.com/stocks/xdub/crg/valuation
ALCJ	https://www.morningstar.com/stocks/xpar/alcj/valuation
CROS	https://www.morningstar.com/stocks/xpar/cros/valuation
CPA1	https://www.morningstar.com/stocks/xams/cpa1/valuation
CPA1W	https://www.morningstar.com/stocks/xams/cpa1w/valuation

SX	https://www.morningstar.com/stocks/xpar/sx/valuation
CSAM	https://www.morningstar.com/stocks/xosl/csam/valuation
CTAC	https://www.morningstar.com/stocks/xams/ctac/valuation
CTCA1	https://www.morningstar.com/stocks/xams/ctca1/valuation
CTCT1	https://www.morningstar.com/stocks/xams/ctct1/valuation
CTCW1	https://www.morningstar.com/stocks/xams/ctcw1/valuation
CTPNV	https://www.morningstar.com/stocks/xams/ctpnv/valuation
CTT	https://www.morningstar.com/stocks/xlis/ctt/valuation
CLEX	https://www.morningstar.com/stocks/xbru/clex/valuation

ALCYB	https://www.morningstar.com/stocks/xpar/alcyb/valuation
CYBBT	https://www.morningstar.com/stocks/xpar/cybbt/valuation
CYBK1	https://www.morningstar.com/stocks/xpar/cybk1/valuation
CYBKA	https://www.morningstar.com/stocks/xpar/cybka/valuation
CYBKB	https://www.morningstar.com/stocks/xpar/cybkb/valuation
CYVIZ	https://www.morningstar.com/stocks/xosl/cyviz/valuation
DIE	https://www.morningstar.com/stocks/xbru/die/valuation
ALDLS	https://www.morningstar.com/stocks/xpar/aldls/valuation
DHG	https://www.morningstar.com/stocks/xdub/dhg/valuation
MLDAM	https://www.morningstar.com/stocks/xpar/mldam/valuation
ALDAR	https://www.morningstar.com/stocks/xpar/aldar/valuation
BN	https://www.morningstar.com/stocks/xpar/bn/valuation
AM	https://www.morningstar.com/stocks/xpar/am/valuation
DSY	https://www.morningstar.com/stocks/xpar/dsy/valuation
DLE	https://www.morningstar.com/stocks/xdub/dle/valuation
ALDBT	https://www.morningstar.com/stocks/xpar/aldbt/valuation
DBV	https://www.morningstar.com/stocks/xpar/dbv/valuation
DECB	https://www.morningstar.com/stocks/xbru/decb/valuation
DEE	https://www.morningstar.com/stocks/xpar/dee/valuation
DEEW	https://www.morningstar.com/stocks/xpar/deew/valuation
DVD	https://www.morningstar.com/stocks/xosl/dvd/valuation
ALDEI	https://www.morningstar.com/stocks/xpar/aldei/valuation
ALDEL	https://www.morningstar.com/stocks/xpar/aldel/valuation
ALDR	https://www.morningstar.com/stocks/xpar/aldr/valuation
ALDBS	https://www.morningstar.com/stocks/xpar/aldbs/valuation
ALDBY	https://www.morningstar.com/stocks/xpar/aldby/valuation
DLTA	https://www.morningstar.com/stocks/xpar/dlta/valuation
DBG	https://www.morningstar.com/stocks/xpar/dbg/valuation
DSRT	https://www.morningstar.com/stocks/xosl/dsrt/valuation
MLDYH	https://www.morningstar.com/stocks/xpar/mldyh/valuation
DTEL	https://www.morningstar.com/stocks/xbru/dtel/valuation
ALDEV	https://www.morningstar.com/stocks/xpar/aldev/valuation
DVT	https://www.morningstar.com/stocks/xpar/dvt/valuation

DGB	https://www.morningstar.com/stocks/xams/dgb/valuation
DGE	https://www.morningstar.com/stocks/xpar/dge/valuation
GUI1	https://www.morningstar.com/stocks/xdub/gui1/valuation
DGM	https://www.morningstar.com/stocks/xpar/dgm/valuation
DIEG	https://www.morningstar.com/stocks/xbru/dieg/valuation


DISL	https://www.morningstar.com/stocks/xbru/disl/valuation
DLTX	https://www.morningstar.com/stocks/xosl/dltx/valuation
DNBH	https://www.morningstar.com/stocks/xosl/dnbh/valuation
DNO	https://www.morningstar.com/stocks/xosl/dno/valuation
ALDNX	https://www.morningstar.com/stocks/xpar/aldnx/valuation
DPAM	https://www.morningstar.com/stocks/xpar/dpam/valuation
DOF	https://www.morningstar.com/stocks/xosl/dof/valuation
ALDOL	https://www.morningstar.com/stocks/xpar/aldol/valuation
DQ7A	https://www.morningstar.com/stocks/xdub/dq7a/valuation
ALDNE	https://www.morningstar.com/stocks/xpar/aldne/valuation
DPA	https://www.morningstar.com/stocks/xams/dpa/valuation
GRW	https://www.morningstar.com/stocks/xdub/grw/valuation
ALDRV	https://www.morningstar.com/stocks/xpar/aldrv/valuation
DSC2	https://www.morningstar.com/stocks/xams/dsc2/valuation
DSC2S	https://www.morningstar.com/stocks/xams/dsc2s/valuation
DSM	https://www.morningstar.com/stocks/xams/dsm/valuation
DSCW1	https://www.morningstar.com/stocks/xams/dscw1/valuation
DSCW2	https://www.morningstar.com/stocks/xams/dscw2/valuation
DSCW3	https://www.morningstar.com/stocks/xams/dscw3/valuation
MLDYN	https://www.morningstar.com/stocks/xpar/mldyn/valuation
MLDYX	https://www.morningstar.com/stocks/xpar/mldyx/valuation
EON	https://www.morningstar.com/stocks/xbru/eon/valuation
EAM	https://www.morningstar.com/stocks/xosl/eam/valuation
EAS2P	https://www.morningstar.com/stocks/xams/eas2p/valuation
MLEAS	https://www.morningstar.com/stocks/xpar/mleas/valuation
MLEDR	https://www.morningstar.com/stocks/xpar/mledr/valuation
MLEAV	https://www.morningstar.com/stocks/xpar/mleav/valuation

ECIT	https://www.morningstar.com/stocks/xosl/ecit/valuation
MLECO	https://www.morningstar.com/stocks/xpar/mleco/valuation
ALECO	https://www.morningstar.com/stocks/xpar/aleco/valuation
ECONB	https://www.morningstar.com/stocks/xbru/econb/valuation
ECO	https://www.morningstar.com/stocks/xosl/eco/valuation
ALESA	https://www.morningstar.com/stocks/xpar/alesa/valuation
EDEN	https://www.morningstar.com/stocks/xpar/eden/valuation
EDF	https://www.morningstar.com/stocks/xpar/edf/valuation
ALEAC	https://www.morningstar.com/stocks/xpar/aleac/valuation
MLEDS	https://www.morningstar.com/stocks/xpar/mleds/valuation
EDP	https://www.morningstar.com/stocks/xlis/edp/valuation
EDPR	https://www.morningstar.com/stocks/xlis/edpr/valuation
MLEDU	https://www.morningstar.com/stocks/xpar/mledu/valuation
MLEES	https://www.morningstar.com/stocks/xpar/mlees/valuation
EFIC1	https://www.morningstar.com/stocks/xams/efic1/valuation
EFICT	https://www.morningstar.com/stocks/xams/efict/valuation
EFICW	https://www.morningstar.com/stocks/xams/eficw/valuation
GID	https://www.morningstar.com/stocks/xpar/gid/valuation
EIOF	https://www.morningstar.com/stocks/xosl/eiof/valuation
FGR	https://www.morningstar.com/stocks/xpar/fgr/valuation
EKI	https://www.morningstar.com/stocks/xpar/eki/valuation
EKOP	https://www.morningstar.com/stocks/xbru/ekop/valuation
ELEC	https://www.morningstar.com/stocks/xpar/elec/valuation
EEM	https://www.morningstar.com/stocks/xpar/eem/valuation
EMGS	https://www.morningstar.com/stocks/xosl/emgs/valuation
ELIMP	https://www.morningstar.com/stocks/xosl/elimp/valuation
ELI	https://www.morningstar.com/stocks/xbru/eli/valuation
ELIOR	https://www.morningstar.com/stocks/xpar/elior/valuation
ELIS	https://www.morningstar.com/stocks/xpar/elis/valuation
ELK	https://www.morningstar.com/stocks/xosl/elk/valuation
ELABS	https://www.morningstar.com/stocks/xosl/elabs/valuation
ELOP	https://www.morningstar.com/stocks/xosl/elop/valuation
ELO	https://www.morningstar.com/stocks/xosl/elo/valuation
ALEMK	https://www.morningstar.com/stocks/xbru/alemk/valuation

ALEMV	https://www.morningstar.com/stocks/xpar/alemv/valuation

ALDUB	https://www.morningstar.com/stocks/xpar/aldub/valuation
ENDUR	https://www.morningstar.com/stocks/xosl/endur/valuation
ALNN6	https://www.morningstar.com/stocks/xpar/alnn6/valuation
ALNRG	https://www.morningstar.com/stocks/xpar/alnrg/valuation
ALENE	https://www.morningstar.com/stocks/xpar/alene/valuation
ENGI	https://www.morningstar.com/stocks/xpar/engi/valuation
EPS	https://www.morningstar.com/stocks/xpar/eps/valuation
ENI	https://www.morningstar.com/stocks/xbru/eni/valuation
ENSU	https://www.morningstar.com/stocks/xosl/ensu/valuation
ENTRA	https://www.morningstar.com/stocks/xosl/entra/valuation
ALENT	https://www.morningstar.com/stocks/xpar/alent/valuation
ALENR	https://www.morningstar.com/stocks/xpar/alenr/valuation
ALTEV	https://www.morningstar.com/stocks/xpar/altev/valuation
ENVI	https://www.morningstar.com/stocks/xams/envi/valuation
ENVIP	https://www.morningstar.com/stocks/xosl/envip/valuation
ALEO2	https://www.morningstar.com/stocks/xpar/aleo2/valuation
EQNR	https://www.morningstar.com/stocks/xosl/eqnr/valuation
ERA	https://www.morningstar.com/stocks/xpar/era/valuation
ERYP	https://www.morningstar.com/stocks/xpar/eryp/valuation
ESG	https://www.morningstar.com/stocks/xams/esg/valuation
ESGT	https://www.morningstar.com/stocks/xams/esgt/valuation
ESGWA	https://www.morningstar.com/stocks/xams/esgwa/valuation
ESI	https://www.morningstar.com/stocks/xpar/esi/valuation
ALESK	https://www.morningstar.com/stocks/xpar/alesk/valuation
ESP	https://www.morningstar.com/stocks/xams/esp/valuation
EL	https://www.morningstar.com/stocks/xpar/el/valuation
ES	https://www.morningstar.com/stocks/xpar/es/valuation
ESON	https://www.morningstar.com/stocks/xlis/eson/valuation


EFI	https://www.morningstar.com/stocks/xpar/efi/valuation
ALEUA	https://www.morningstar.com/stocks/xpar/aleua/valuation
RF	https://www.morningstar.com/stocks/xpar/rf/valuation
EUR	https://www.morningstar.com/stocks/xpar/eur/valuation
ALERS	https://www.morningstar.com/stocks/xpar/alers/valuation
ECT	https://www.morningstar.com/stocks/xams/ect/valuation
ECMPA	https://www.morningstar.com/stocks/xams/ecmpa/valuation
ALECR	https://www.morningstar.com/stocks/xpar/alecr/valuation
ERFNV	https://www.morningstar.com/stocks/xpar/erfnv/valuation
ERF	https://www.morningstar.com/stocks/xpar/erf/valuation
ALGEM	https://www.morningstar.com/stocks/xpar/algem/valuation
MLERO	https://www.morningstar.com/stocks/xpar/mlero/valuation
ALEMG	https://www.morningstar.com/stocks/xpar/alemg/valuation
EURN	https://www.morningstar.com/stocks/xbru/eurn/valuation
ENX	https://www.morningstar.com/stocks/xpar/enx/valuation
ENXP	https://www.morningstar.com/stocks/xlis/enxp/valuation
ECP	https://www.morningstar.com/stocks/xpar/ecp/valuation
EUBSB	https://www.morningstar.com/stocks/xpar/eubsb/valuation
EUBSA	https://www.morningstar.com/stocks/xpar/eubsa/valuation
EUBSC	https://www.morningstar.com/stocks/xpar/eubsc/valuation
EUCAR	https://www.morningstar.com/stocks/xpar/eucar/valuation
ALEUP	https://www.morningstar.com/stocks/xpar/aleup/valuation
EURBU	https://www.morningstar.com/stocks/xpar/eurbu/valuation
EPR	https://www.morningstar.com/stocks/xosl/epr/valuation
ETL	https://www.morningstar.com/stocks/xpar/etl/valuation
ALEVA	https://www.morningstar.com/stocks/xbru/aleva/valuation
EFUEL	https://www.morningstar.com/stocks/xosl/efuel/valuation
EGR	https://www.morningstar.com/stocks/xpar/egr/valuation
EGRDS	https://www.morningstar.com/stocks/xpar/egrds/valuation
MLEVE	https://www.morningstar.com/stocks/xpar/mleve/valuation
ALTVO	https://www.morningstar.com/stocks/xpar/altvo/valuation
EVS	https://www.morningstar.com/stocks/xbru/evs/valuation
EXAC	https://www.morningstar.com/stocks/xpar/exac/valuation
EXTX	https://www.morningstar.com/stocks/xosl/extx/valuation
EXE	https://www.morningstar.com/stocks/xpar/exe/valuation
EXM	https://www.morningstar.com/stocks/xbru/exm/valuation
EXPL	https://www.morningstar.com/stocks/xpar/expl/valuation
ALPHI	https://www.morningstar.com/stocks/xpar/alphi/valuation
FAGR	https://www.morningstar.com/stocks/xbru/fagr/valuation
MLFMV	https://www.morningstar.com/stocks/xlis/mlfmv/valuation
ALFBA	https://www.morningstar.com/stocks/xpar/alfba/valuation
FAST	https://www.morningstar.com/stocks/xams/fast/valuation
EO	https://www.morningstar.com/stocks/xpar/eo/valuation
FAUV	https://www.morningstar.com/stocks/xpar/fauv/valuation
FAYE	https://www.morningstar.com/stocks/xpar/faye/valuation
EG7	https://www.morningstar.com/stocks/xdub/eg7/valuation
MLFDV	https://www.morningstar.com/stocks/xpar/mlfdv/valuation
FDJ	https://www.morningstar.com/stocks/xpar/fdj/valuation
FCMC	https://www.morningstar.com/stocks/xpar/fcmc/valuation
FALG	https://www.morningstar.com/stocks/xpar/falg/valuation

SACI	https://www.morningstar.com/stocks/xpar/saci/valuation
ORIA	https://www.morningstar.com/stocks/xpar/oria/valuation
FGA	https://www.morningstar.com/stocks/xpar/fga/valuation
ALFIL	https://www.morningstar.com/stocks/xpar/alfil/valuation

BERR	https://www.morningstar.com/stocks/xpar/berr/valuation
EBPF	https://www.morningstar.com/stocks/xpar/ebpf/valuation
FOAF	https://www.morningstar.com/stocks/xpar/foaf/valuation
FINM	https://www.morningstar.com/stocks/xpar/finm/valuation

FNTS	https://www.morningstar.com/stocks/xpar/fnts/valuation
MLFXO	https://www.morningstar.com/stocks/xpar/mlfxo/valuation
FIPP	https://www.morningstar.com/stocks/xpar/fipp/valuation
GYQ	https://www.morningstar.com/stocks/xdub/gyq/valuation
MLFIR	https://www.morningstar.com/stocks/xpar/mlfir/valuation
FJORD	https://www.morningstar.com/stocks/xosl/fjord/valuation
FKRFT	https://www.morningstar.com/stocks/xosl/fkrft/valuation
ALFLE	https://www.morningstar.com/stocks/xpar/alfle/valuation
FLNG	https://www.morningstar.com/stocks/xosl/flng/valuation
FLEXD	https://www.morningstar.com/stocks/xlis/flexd/valuation
FLOB	https://www.morningstar.com/stocks/xbru/flob/valuation
FLOW	https://www.morningstar.com/stocks/xams/flow/valuation
UNI	https://www.morningstar.com/stocks/xbru/uni/valuation
FLTR	https://www.morningstar.com/stocks/xdub/fltr/valuation
FLUX	https://www.morningstar.com/stocks/xbru/flux/valuation
FLYR	https://www.morningstar.com/stocks/xosl/flyr/valuation
FNAC	https://www.morningstar.com/stocks/xpar/fnac/valuation
FNG	https://www.morningstar.com/stocks/xbru/fng/valuation
ALFOC	https://www.morningstar.com/stocks/xpar/alfoc/valuation
FPN	https://www.morningstar.com/stocks/xpar/fpn/valuation
LEBL	https://www.morningstar.com/stocks/xpar/lebl/valuation
FATL	https://www.morningstar.com/stocks/xpar/fatl/valuation
EURS	https://www.morningstar.com/stocks/xpar/eurs/valuation
INEA	https://www.morningstar.com/stocks/xpar/inea/valuation
FLY	https://www.morningstar.com/stocks/xpar/fly/valuation
MLVIN	https://www.morningstar.com/stocks/xpar/mlvin/valuation
SPEL	https://www.morningstar.com/stocks/xpar/spel/valuation
FOOTL	https://www.morningstar.com/stocks/xbru/footl/valuation
FORE	https://www.morningstar.com/stocks/xpar/fore/valuation
FFARM	https://www.morningstar.com/stocks/xams/ffarm/valuation
FOU	https://www.morningstar.com/stocks/xbru/fou/valuation
ALFPC	https://www.morningstar.com/stocks/xpar/alfpc/valuation

LFDE	https://www.morningstar.com/stocks/xpar/lfde/valuation
MLFSG	https://www.morningstar.com/stocks/xpar/mlfsg/valuation
MLFTI	https://www.morningstar.com/stocks/xpar/mlfti/valuation
ALFRE	https://www.morningstar.com/stocks/xpar/alfre/valuation
FREY	https://www.morningstar.com/stocks/xpar/frey/valuation

FRO	https://www.morningstar.com/stocks/xosl/fro/valuation
FROY	https://www.morningstar.com/stocks/xosl/froy/valuation
FUR	https://www.morningstar.com/stocks/xams/fur/valuation
FCP	https://www.morningstar.com/stocks/xlis/fcp/valuation
MLGAI	https://www.morningstar.com/stocks/xpar/mlgai/valuation
GLPG	https://www.morningstar.com/stocks/xams/glpg/valuation
MLGAL	https://www.morningstar.com/stocks/xpar/mlgal/valuation
GALIM	https://www.morningstar.com/stocks/xpar/galim/valuation
GALP	https://www.morningstar.com/stocks/xlis/galp/valuation
GIG	https://www.morningstar.com/stocks/xosl/gig/valuation
ALBI	https://www.morningstar.com/stocks/xpar/albi/valuation
GAM	https://www.morningstar.com/stocks/xpar/gam/valuation
ALGAU	https://www.morningstar.com/stocks/xpar/algau/valuation
GBLB	https://www.morningstar.com/stocks/xbru/gblb/valuation
RISH	https://www.morningstar.com/stocks/xosl/rish/valuation
GEA	https://www.morningstar.com/stocks/xpar/gea/valuation
ALGEC	https://www.morningstar.com/stocks/xpar/algec/valuation
GECBT	https://www.morningstar.com/stocks/xpar/gecbt/valuation
GFC	https://www.morningstar.com/stocks/xpar/gfc/valuation

GNE	https://www.morningstar.com/stocks/xpar/gne/valuation
GENX	https://www.morningstar.com/stocks/xpar/genx/valuation
GNRO	https://www.morningstar.com/stocks/xpar/gnro/valuation
GNFT	https://www.morningstar.com/stocks/xpar/gnft/valuation
GENK	https://www.morningstar.com/stocks/xbru/genk/valuation
GKTX	https://www.morningstar.com/stocks/xpar/gktx/valuation
GV	https://www.morningstar.com/stocks/xpar/gv/valuation
ALGEN	https://www.morningstar.com/stocks/xpar/algen/valuation
SIGHT	https://www.morningstar.com/stocks/xpar/sight/valuation
GENT	https://www.morningstar.com/stocks/xosl/gent/valuation
MLGEQ	https://www.morningstar.com/stocks/xpar/mlgeq/valuation
GOJXN	https://www.morningstar.com/stocks/xams/gojxn/valuation
GEPBS	https://www.morningstar.com/stocks/xpar/gepbs/valuation
GET	https://www.morningstar.com/stocks/xpar/get/valuation
ALGEV	https://www.morningstar.com/stocks/xpar/algev/valuation
GIMB	https://www.morningstar.com/stocks/xbru/gimb/valuation
GJF	https://www.morningstar.com/stocks/xosl/gjf/valuation
GLO	https://www.morningstar.com/stocks/xpar/glo/valuation
GL9	https://www.morningstar.com/stocks/xdub/gl9/valuation
GVR	https://www.morningstar.com/stocks/xdub/gvr/valuation
GLINT	https://www.morningstar.com/stocks/xlis/glint/valuation
ALGBE	https://www.morningstar.com/stocks/xpar/algbe/valuation
ALGEP	https://www.morningstar.com/stocks/xpar/algep/valuation
GLOG	https://www.morningstar.com/stocks/xbru/glog/valuation
MLNDG	https://www.morningstar.com/stocks/xpar/mlndg/valuation
GNP	https://www.morningstar.com/stocks/xosl/gnp/valuation
ALGLD	https://www.morningstar.com/stocks/xpar/algld/valuation
GEOS	https://www.morningstar.com/stocks/xosl/geos/valuation
GOGL	https://www.morningstar.com/stocks/xosl/gogl/valuation
GOD	https://www.morningstar.com/stocks/xosl/god/valuation

MLGML	https://www.morningstar.com/stocks/xpar/mlgml/valuation
GPE	https://www.morningstar.com/stocks/xpar/gpe/valuation
ALPAR	https://www.morningstar.com/stocks/xpar/alpar/valuation
GRVO	https://www.morningstar.com/stocks/xpar/grvo/valuation
GVNV	https://www.morningstar.com/stocks/xams/gvnv/valuation
8GW	https://www.morningstar.com/stocks/xdub/8gw/valuation
MLCMG	https://www.morningstar.com/stocks/xpar/mlcmg/valuation
GEM	https://www.morningstar.com/stocks/xosl/gem/valuation
GRP	https://www.morningstar.com/stocks/xdub/grp/valuation
GREEN	https://www.morningstar.com/stocks/xbru/green/valuation
GSF	https://www.morningstar.com/stocks/xosl/gsf/valuation
GRONG	https://www.morningstar.com/stocks/xosl/grong/valuation

MLGRC	https://www.morningstar.com/stocks/xpar/mlgrc/valuation
MLCAS	https://www.morningstar.com/stocks/xpar/mlcas/valuation
CEN	https://www.morningstar.com/stocks/xpar/cen/valuation
FLO	https://www.morningstar.com/stocks/xpar/flo/valuation
GOE	https://www.morningstar.com/stocks/xpar/goe/valuation
ALGIL	https://www.morningstar.com/stocks/xpar/algil/valuation
IRD	https://www.morningstar.com/stocks/xpar/ird/valuation
GJAJ	https://www.morningstar.com/stocks/xpar/gjaj/valuation

ALLDL	https://www.morningstar.com/stocks/xpar/alldl/valuation
OPN	https://www.morningstar.com/stocks/xpar/opn/valuation
PARP	https://www.morningstar.com/stocks/xpar/parp/valuation
MLPVG	https://www.morningstar.com/stocks/xpar/mlpvg/valuation
SFPI	https://www.morningstar.com/stocks/xpar/sfpi/valuation
ALGTR	https://www.morningstar.com/stocks/xpar/algtr/valuation
ALIMO	https://www.morningstar.com/stocks/xpar/alimo/valuation
GROWN	https://www.morningstar.com/stocks/xbru/grown/valuation
GTBP	https://www.morningstar.com/stocks/xpar/gtbp/valuation
GTT	https://www.morningstar.com/stocks/xpar/gtt/valuation
MLGDI	https://www.morningstar.com/stocks/xpar/mlgdi/valuation
GBT	https://www.morningstar.com/stocks/xpar/gbt/valuation
GUI	https://www.morningstar.com/stocks/xpar/gui/valuation
GYL	https://www.morningstar.com/stocks/xosl/gyl/valuation
ALHEO	https://www.morningstar.com/stocks/xpar/alheo/valuation
HAFNI	https://www.morningstar.com/stocks/xosl/hafni/valuation
HAL	https://www.morningstar.com/stocks/xams/hal/valuation
ALHGO	https://www.morningstar.com/stocks/xpar/alhgo/valuation
HMSO	https://www.morningstar.com/stocks/xdub/hmso/valuation
HAMO	https://www.morningstar.com/stocks/xbru/hamo/valuation
HMONY	https://www.morningstar.com/stocks/xosl/hmony/valuation
PIG	https://www.morningstar.com/stocks/xpar/pig/valuation
HAV	https://www.morningstar.com/stocks/xosl/hav/valuation
HAVI	https://www.morningstar.com/stocks/xosl/havi/valuation
HYARD	https://www.morningstar.com/stocks/xosl/hyard/valuation
HDF	https://www.morningstar.com/stocks/xpar/hdf/valuation
MLAHC	https://www.morningstar.com/stocks/xpar/mlahc/valuation
MLHAY	https://www.morningstar.com/stocks/xpar/mlhay/valuation
HEGA	https://www.morningstar.com/stocks/xams/hega/valuation
HEGAU	https://www.morningstar.com/stocks/xams/hegau/valuation
HEGAW	https://www.morningstar.com/stocks/xams/hegaw/valuation
HEIJM	https://www.morningstar.com/stocks/xams/heijm/valuation
HEIA	https://www.morningstar.com/stocks/xams/heia/valuation
HEIO	https://www.morningstar.com/stocks/xams/heio/valuation
ALHRG	https://www.morningstar.com/stocks/xpar/alhrg/valuation
RMS	https://www.morningstar.com/stocks/xpar/rms/valuation
HEX	https://www.morningstar.com/stocks/xosl/hex/valuation
HPUR	https://www.morningstar.com/stocks/xosl/hpur/valuation
HEXA	https://www.morningstar.com/stocks/xpar/hexa/valuation
HF	https://www.morningstar.com/stocks/xpar/hf/valuation
HBRN	https://www.morningstar.com/stocks/xdub/hbrn/valuation
HCO	https://www.morningstar.com/stocks/xpar/hco/valuation
ALHIO	https://www.morningstar.com/stocks/xpar/alhio/valuation
ALHYP	https://www.morningstar.com/stocks/xpar/alhyp/valuation
ALHIT	https://www.morningstar.com/stocks/xpar/alhit/valuation
MLHK	https://www.morningstar.com/stocks/xpar/mlhk/valuation
MLHBB	https://www.morningstar.com/stocks/xpar/mlhbb/valuation
ALHGR	https://www.morningstar.com/stocks/xpar/alhgr/valuation
HBC	https://www.morningstar.com/stocks/xosl/hbc/valuation
HOLN	https://www.morningstar.com/stocks/xpar/holn/valuation
HOLCO	https://www.morningstar.com/stocks/xams/holco/valuation
MLHCF	https://www.morningstar.com/stocks/xpar/mlhcf/valuation
HOMI	https://www.morningstar.com/stocks/xbru/homi/valuation
MLHPE	https://www.morningstar.com/stocks/xpar/mlhpe/valuation
MLHPI	https://www.morningstar.com/stocks/xpar/mlhpi/valuation
HOP	https://www.morningstar.com/stocks/xpar/hop/valuation
HRGI	https://www.morningstar.com/stocks/xosl/hrgi/valuation
HSW	https://www.morningstar.com/stocks/xdub/hsw/valuation
MLHMC	https://www.morningstar.com/stocks/xpar/mlhmc/valuation
MLHOT	https://www.morningstar.com/stocks/xpar/mlhot/valuation
HDP	https://www.morningstar.com/stocks/xpar/hdp/valuation
MLHIN	https://www.morningstar.com/stocks/xpar/mlhin/valuation
HOC	https://www.morningstar.com/stocks/xosl/hoc/valuation
HUDL	https://www.morningstar.com/stocks/xosl/hudl/valuation
HDLY	https://www.morningstar.com/stocks/xosl/hdly/valuation
HDG	https://www.morningstar.com/stocks/xams/hdg/valuation
HUNDP	https://www.morningstar.com/stocks/xams/hundp/valuation
HUNT	https://www.morningstar.com/stocks/xosl/hunt/valuation
HUVE	https://www.morningstar.com/stocks/xams/huve/valuation
ALHYG	https://www.morningstar.com/stocks/xpar/alhyg/valuation
HYDRA	https://www.morningstar.com/stocks/xams/hydra/valuation
MLHYD	https://www.morningstar.com/stocks/xpar/mlhyd/valuation
MLHYE	https://www.morningstar.com/stocks/xpar/mlhye/valuation
ALHRS	https://www.morningstar.com/stocks/xpar/alhrs/valuation
HYPRO	https://www.morningstar.com/stocks/xosl/hypro/valuation
HYL	https://www.morningstar.com/stocks/xbru/hyl/valuation
HYN	https://www.morningstar.com/stocks/xosl/hyn/valuation
HSPG	https://www.morningstar.com/stocks/xosl/hspg/valuation
ALICR	https://www.morningstar.com/stocks/xpar/alicr/valuation
ALI2S	https://www.morningstar.com/stocks/xpar/ali2s/valuation
MLINT	https://www.morningstar.com/stocks/xpar/mlint/valuation
IBAB	https://www.morningstar.com/stocks/xbru/ibab/valuation
IBS	https://www.morningstar.com/stocks/xlis/ibs/valuation
IBMA	https://www.morningstar.com/stocks/xbru/ibma/valuation
ICAD	https://www.morningstar.com/stocks/xpar/icad/valuation
IFISH	https://www.morningstar.com/stocks/xosl/ifish/valuation
ICEGR	https://www.morningstar.com/stocks/xosl/icegr/valuation
ISLAX	https://www.morningstar.com/stocks/xosl/islax/valuation
ICT	https://www.morningstar.com/stocks/xams/ict/valuation
IDL	https://www.morningstar.com/stocks/xpar/idl/valuation
IDEX	https://www.morningstar.com/stocks/xosl/idex/valuation
IDIP	https://www.morningstar.com/stocks/xpar/idip/valuation
MLIDS	https://www.morningstar.com/stocks/xpar/mlids/valuation
ALIDS	https://www.morningstar.com/stocks/xpar/alids/valuation
IEP	https://www.morningstar.com/stocks/xbru/iep/valuation
IEX	https://www.morningstar.com/stocks/xams/iex/valuation
IGE	https://www.morningstar.com/stocks/xpar/ige/valuation
ILD	https://www.morningstar.com/stocks/xpar/ild/valuation
MLIML	https://www.morningstar.com/stocks/xpar/mliml/valuation

IMCD	https://www.morningstar.com/stocks/xams/imcd/valuation
NK	https://www.morningstar.com/stocks/xpar/nk/valuation
MLIPP	https://www.morningstar.com/stocks/xpar/mlipp/valuation

ALIMR	https://www.morningstar.com/stocks/xpar/alimr/valuation


MCC	https://www.morningstar.com/stocks/xbru/mcc/valuation
IMMOU	https://www.morningstar.com/stocks/xbru/immou/valuation
IMDA	https://www.morningstar.com/stocks/xpar/imda/valuation
IMMO	https://www.morningstar.com/stocks/xbru/immo/valuation

ALIMM	https://www.morningstar.com/stocks/xbru/alimm/valuation
GPA	https://www.morningstar.com/stocks/xlis/gpa/valuation
ALIMP	https://www.morningstar.com/stocks/xpar/alimp/valuation
IPR	https://www.morningstar.com/stocks/xlis/ipr/valuation
MLIMP	https://www.morningstar.com/stocks/xpar/mlimp/valuation
INA	https://www.morningstar.com/stocks/xlis/ina/valuation
INCLU	https://www.morningstar.com/stocks/xbru/inclu/valuation
INFE	https://www.morningstar.com/stocks/xpar/infe/valuation
INDCT	https://www.morningstar.com/stocks/xosl/indct/valuation
MLIFC	https://www.morningstar.com/stocks/xpar/mlifc/valuation
INF	https://www.morningstar.com/stocks/xpar/inf/valuation

INGA	https://www.morningstar.com/stocks/xams/inga/valuation
MLINM	https://www.morningstar.com/stocks/xpar/mlinm/valuation
MLISP	https://www.morningstar.com/stocks/xpar/mlisp/valuation
IPH	https://www.morningstar.com/stocks/xpar/iph/valuation
ALINN	https://www.morningstar.com/stocks/xpar/alinn/valuation
MLIDP	https://www.morningstar.com/stocks/xpar/mlidp/valuation
MLIRF	https://www.morningstar.com/stocks/xpar/mlirf/valuation
INPST	https://www.morningstar.com/stocks/xams/inpst/valuation
INSR	https://www.morningstar.com/stocks/xosl/insr/valuation
INSTA	https://www.morningstar.com/stocks/xosl/insta/valuation
ALLUX	https://www.morningstar.com/stocks/xpar/allux/valuation
ALINT	https://www.morningstar.com/stocks/xpar/alint/valuation
IWS	https://www.morningstar.com/stocks/xosl/iws/valuation
MLVIE	https://www.morningstar.com/stocks/xpar/mlvie/valuation
INCO	https://www.morningstar.com/stocks/xbru/inco/valuation
IOX	https://www.morningstar.com/stocks/xosl/iox/valuation
ITP	https://www.morningstar.com/stocks/xpar/itp/valuation
INTER	https://www.morningstar.com/stocks/xams/inter/valuation
INTO	https://www.morningstar.com/stocks/xbru/into/valuation
ITXT	https://www.morningstar.com/stocks/xpar/itxt/valuation
ALINS	https://www.morningstar.com/stocks/xpar/alins/valuation
IVA	https://www.morningstar.com/stocks/xpar/iva/valuation
ALINV	https://www.morningstar.com/stocks/xpar/alinv/valuation
MLIOC	https://www.morningstar.com/stocks/xpar/mlioc/valuation
MLIPO	https://www.morningstar.com/stocks/xpar/mlipo/valuation
IPN	https://www.morningstar.com/stocks/xpar/ipn/valuation
IPS	https://www.morningstar.com/stocks/xpar/ips/valuation
IPSNV	https://www.morningstar.com/stocks/xpar/ipsnv/valuation
IR5B	https://www.morningstar.com/stocks/xdub/ir5b/valuation
IRES	https://www.morningstar.com/stocks/xdub/ires/valuation
ALITL	https://www.morningstar.com/stocks/xpar/alitl/valuation
MLITN	https://www.morningstar.com/stocks/xpar/mlitn/valuation
ITERA	https://www.morningstar.com/stocks/xosl/itera/valuation
ITE	https://www.morningstar.com/stocks/xpar/ite/valuation
ALIVA	https://www.morningstar.com/stocks/xpar/aliva/valuation
JMT	https://www.morningstar.com/stocks/xlis/jmt/valuation
JBOG	https://www.morningstar.com/stocks/xpar/jbog/valuation
JCQ	https://www.morningstar.com/stocks/xpar/jcq/valuation
DEC	https://www.morningstar.com/stocks/xpar/dec/valuation
JDEP	https://www.morningstar.com/stocks/xams/jdep/valuation
JEN	https://www.morningstar.com/stocks/xbru/jen/valuation
JIN	https://www.morningstar.com/stocks/xosl/jin/valuation
MLJSA	https://www.morningstar.com/stocks/xpar/mljsa/valuation
TKWY	https://www.morningstar.com/stocks/xams/tkwy/valuation
JAREN	https://www.morningstar.com/stocks/xosl/jaren/valuation

KAHOT	https://www.morningstar.com/stocks/xosl/kahot/valuation
KAL	https://www.morningstar.com/stocks/xosl/kal/valuation
ALKAL	https://www.morningstar.com/stocks/xpar/alkal/valuation
KOF	https://www.morningstar.com/stocks/xpar/kof/valuation
KBC	https://www.morningstar.com/stocks/xbru/kbc/valuation
KBCA	https://www.morningstar.com/stocks/xbru/kbca/valuation


KENDR	https://www.morningstar.com/stocks/xams/kendr/valuation
KMR	https://www.morningstar.com/stocks/xdub/kmr/valuation
KER	https://www.morningstar.com/stocks/xpar/ker/valuation
ALKLK	https://www.morningstar.com/stocks/xpar/alklk/valuation
KRZ	https://www.morningstar.com/stocks/xdub/krz/valuation
ALKEY	https://www.morningstar.com/stocks/xpar/alkey/valuation
KEYW	https://www.morningstar.com/stocks/xbru/keyw/valuation
KID	https://www.morningstar.com/stocks/xosl/kid/valuation
KIN	https://www.morningstar.com/stocks/xbru/kin/valuation
KRX	https://www.morningstar.com/stocks/xdub/krx/valuation
KIT	https://www.morningstar.com/stocks/xosl/kit/valuation
ALKKO	https://www.morningstar.com/stocks/xpar/alkko/valuation
ALKLA	https://www.morningstar.com/stocks/xpar/alkla/valuation
KCC	https://www.morningstar.com/stocks/xosl/kcc/valuation
LI	https://www.morningstar.com/stocks/xpar/li/valuation
ALSIM	https://www.morningstar.com/stocks/xpar/alsim/valuation

KMCP	https://www.morningstar.com/stocks/xosl/kmcp/valuation
KOMPL	https://www.morningstar.com/stocks/xosl/kompl/valuation
KOMP	https://www.morningstar.com/stocks/xosl/komp/valuation
KOA	https://www.morningstar.com/stocks/xosl/koa/valuation
KOG	https://www.morningstar.com/stocks/xosl/kog/valuation
KORI	https://www.morningstar.com/stocks/xpar/kori/valuation
KPN	https://www.morningstar.com/stocks/xams/kpn/valuation
KRAB	https://www.morningstar.com/stocks/xosl/krab/valuation
MLKTS	https://www.morningstar.com/stocks/xlis/mlkts/valuation
ALVAP	https://www.morningstar.com/stocks/xpar/alvap/valuation
VAPBS	https://www.morningstar.com/stocks/xpar/vapbs/valuation
KYOTO	https://www.morningstar.com/stocks/xosl/kyoto/valuation
OR	https://www.morningstar.com/stocks/xpar/or/valuation
ALPER	https://www.morningstar.com/stocks/xpar/alper/valuation
LACR	https://www.morningstar.com/stocks/xpar/lacr/valuation
MMB	https://www.morningstar.com/stocks/xpar/mmb/valuation
ALLAN	https://www.morningstar.com/stocks/xpar/allan/valuation
ALLGO	https://www.morningstar.com/stocks/xpar/allgo/valuation
LAT	https://www.morningstar.com/stocks/xpar/lat/valuation
LPE	https://www.morningstar.com/stocks/xpar/lpe/valuation
LVIDE	https://www.morningstar.com/stocks/xams/lvide/valuation
LOUP	https://www.morningstar.com/stocks/xpar/loup/valuation
ALTAN	https://www.morningstar.com/stocks/xpar/altan/valuation
LEAS	https://www.morningstar.com/stocks/xbru/leas/valuation
LBON	https://www.morningstar.com/stocks/xpar/lbon/valuation
LSS	https://www.morningstar.com/stocks/xpar/lss/valuation
LR	https://www.morningstar.com/stocks/xpar/lr/valuation
LSG	https://www.morningstar.com/stocks/xosl/lsg/valuation
MLPAP	https://www.morningstar.com/stocks/xpar/mlpap/valuation
ALLHB	https://www.morningstar.com/stocks/xpar/allhb/valuation
TBMBT	https://www.morningstar.com/stocks/xpar/tbmbt/valuation
ALLEX	https://www.morningstar.com/stocks/xpar/allex/valuation
LIFE	https://www.morningstar.com/stocks/xosl/life/valuation
LSTSB	https://www.morningstar.com/stocks/xosl/lstsb/valuation
LIN	https://www.morningstar.com/stocks/xpar/lin/valuation
LINK	https://www.morningstar.com/stocks/xosl/link/valuation
LIG	https://www.morningstar.com/stocks/xlis/lig/valuation
FII	https://www.morningstar.com/stocks/xpar/fii/valuation
LIT	https://www.morningstar.com/stocks/xlis/lit/valuation
ALLLN	https://www.morningstar.com/stocks/xpar/allln/valuation
LNA	https://www.morningstar.com/stocks/xpar/lna/valuation
MLLOI	https://www.morningstar.com/stocks/xpar/mlloi/valuation
ALLOG	https://www.morningstar.com/stocks/xpar/allog/valuation
MLLOG	https://www.morningstar.com/stocks/xpar/mllog/valuation
MLCAC	https://www.morningstar.com/stocks/xpar/mlcac/valuation
LOTB	https://www.morningstar.com/stocks/xbru/lotb/valuation
BOLS	https://www.morningstar.com/stocks/xams/bols/valuation
ALUCI	https://www.morningstar.com/stocks/xpar/aluci/valuation
LUCBS	https://www.morningstar.com/stocks/xpar/lucbs/valuation
LBIRD	https://www.morningstar.com/stocks/xpar/lbird/valuation
MLV4S	https://www.morningstar.com/stocks/xpar/mlv4s/valuation
MC	https://www.morningstar.com/stocks/xpar/mc/valuation
LYS	https://www.morningstar.com/stocks/xpar/lys/valuation
LYTIX	https://www.morningstar.com/stocks/xosl/lytix/valuation
MVW	https://www.morningstar.com/stocks/xosl/mvw/valuation
MRM	https://www.morningstar.com/stocks/xpar/mrm/valuation
ALMII	https://www.morningstar.com/stocks/xpar/almii/valuation
MLMAD	https://www.morningstar.com/stocks/xpar/mlmad/valuation
ALMNG	https://www.morningstar.com/stocks/xpar/almng/valuation
MLMGL	https://www.morningstar.com/stocks/xpar/mlmgl/valuation
MGN	https://www.morningstar.com/stocks/xosl/mgn/valuation
MSEIS	https://www.morningstar.com/stocks/xosl/mseis/valuation
MLMAB	https://www.morningstar.com/stocks/xpar/mlmab/valuation
MLCLI	https://www.morningstar.com/stocks/xpar/mlcli/valuation
MLMAI	https://www.morningstar.com/stocks/xpar/mlmai/valuation
MDM	https://www.morningstar.com/stocks/xpar/mdm/valuation
ALMAK	https://www.morningstar.com/stocks/xpar/almak/valuation
MAKB2	https://www.morningstar.com/stocks/xpar/makb2/valuation
ALMKS	https://www.morningstar.com/stocks/xpar/almks/valuation
MLC	https://www.morningstar.com/stocks/xdub/mlc/valuation
MALT	https://www.morningstar.com/stocks/xpar/malt/valuation
MTU	https://www.morningstar.com/stocks/xpar/mtu/valuation
MAN	https://www.morningstar.com/stocks/xpar/man/valuation
MLMAQ	https://www.morningstar.com/stocks/xpar/mlmaq/valuation
MROIL	https://www.morningstar.com/stocks/xbru/mroil/valuation
ALMAR	https://www.morningstar.com/stocks/xpar/almar/valuation
MAREL	https://www.morningstar.com/stocks/xams/marel/valuation
IAM	https://www.morningstar.com/stocks/xpar/iam/valuation
MAR	https://www.morningstar.com/stocks/xlis/mar/valuation
ALMAS	https://www.morningstar.com/stocks/xpar/almas/valuation
MASBS	https://www.morningstar.com/stocks/xpar/masbs/valuation
MAS	https://www.morningstar.com/stocks/xosl/mas/valuation
MKEA	https://www.morningstar.com/stocks/xpar/mkea/valuation

MAU	https://www.morningstar.com/stocks/xpar/mau/valuation
MBWS	https://www.morningstar.com/stocks/xpar/mbws/valuation
MBWBT	https://www.morningstar.com/stocks/xpar/mbwbt/valuation
MBWSZ	https://www.morningstar.com/stocks/xpar/mbwsz/valuation

MCPHY	https://www.morningstar.com/stocks/xpar/mcphy/valuation
MDXH	https://www.morningstar.com/stocks/xbru/mdxh/valuation

ALMDP	https://www.morningstar.com/stocks/xpar/almdp/valuation
EDI	https://www.morningstar.com/stocks/xpar/edi/valuation
MCP	https://www.morningstar.com/stocks/xlis/mcp/valuation
MLLAB	https://www.morningstar.com/stocks/xpar/mllab/valuation
ALKER	https://www.morningstar.com/stocks/xpar/alker/valuation
ALMDT	https://www.morningstar.com/stocks/xpar/almdt/valuation
MEDCL	https://www.morningstar.com/stocks/xpar/medcl/valuation
MLMCE	https://www.morningstar.com/stocks/xpar/mlmce/valuation
MEDI	https://www.morningstar.com/stocks/xosl/medi/valuation
MELE	https://www.morningstar.com/stocks/xbru/mele/valuation
MELG	https://www.morningstar.com/stocks/xosl/melg/valuation
MWTR	https://www.morningstar.com/stocks/xosl/mwtr/valuation
MEMS	https://www.morningstar.com/stocks/xpar/mems/valuation
MRCEL	https://www.morningstar.com/stocks/xosl/mrcel/valuation
MERY	https://www.morningstar.com/stocks/xpar/mery/valuation
MRK	https://www.morningstar.com/stocks/xpar/mrk/valuation
MRL	https://www.morningstar.com/stocks/xlis/mrl/valuation
MRN	https://www.morningstar.com/stocks/xpar/mrn/valuation
MRNNV	https://www.morningstar.com/stocks/xpar/mrnnv/valuation

METEX	https://www.morningstar.com/stocks/xpar/metex/valuation

MLETA	https://www.morningstar.com/stocks/xpar/mleta/valuation
ALMET	https://www.morningstar.com/stocks/xpar/almet/valuation
ALMTH	https://www.morningstar.com/stocks/xpar/almth/valuation
MLMIB	https://www.morningstar.com/stocks/xpar/mlmib/valuation
MMT	https://www.morningstar.com/stocks/xpar/mmt/valuation
ALMGI	https://www.morningstar.com/stocks/xpar/almgi/valuation
ALMDG	https://www.morningstar.com/stocks/xpar/almdg/valuation
ML	https://www.morningstar.com/stocks/xpar/ml/valuation
MUN	https://www.morningstar.com/stocks/xpar/mun/valuation
MLSKN	https://www.morningstar.com/stocks/xpar/mlskn/valuation
MSF	https://www.morningstar.com/stocks/xbru/msf/valuation

MLNMA	https://www.morningstar.com/stocks/xpar/mlnma/valuation
MIKO	https://www.morningstar.com/stocks/xbru/miko/valuation
ALMLB	https://www.morningstar.com/stocks/xpar/almlb/valuation
MIO	https://www.morningstar.com/stocks/xdub/mio/valuation
ALBUD	https://www.morningstar.com/stocks/xpar/albud/valuation
BUDBS	https://www.morningstar.com/stocks/xpar/budbs/valuation
MNTR	https://www.morningstar.com/stocks/xosl/mntr/valuation
MITRA	https://www.morningstar.com/stocks/xbru/mitra/valuation
NEDSE	https://www.morningstar.com/stocks/xams/nedse/valuation
MLAMY	https://www.morningstar.com/stocks/xpar/mlamy/valuation
ALMND	https://www.morningstar.com/stocks/xpar/almnd/valuation
MONC	https://www.morningstar.com/stocks/xpar/monc/valuation
MLMON	https://www.morningstar.com/stocks/xpar/mlmon/valuation
MONT	https://www.morningstar.com/stocks/xbru/mont/valuation
MLMR	https://www.morningstar.com/stocks/xlis/mlmr/valuation
MOP	https://www.morningstar.com/stocks/xbru/mop/valuation
MOPF	https://www.morningstar.com/stocks/xbru/mopf/valuation
MORE	https://www.morningstar.com/stocks/xams/more/valuation
EGL	https://www.morningstar.com/stocks/xlis/egl/valuation
ALMOU	https://www.morningstar.com/stocks/xpar/almou/valuation
MOUR	https://www.morningstar.com/stocks/xbru/mour/valuation
MOWI	https://www.morningstar.com/stocks/xosl/mowi/valuation
MPCC	https://www.morningstar.com/stocks/xosl/mpcc/valuation
MPCES	https://www.morningstar.com/stocks/xosl/mpces/valuation
ALMRB	https://www.morningstar.com/stocks/xpar/almrb/valuation
MLMTD	https://www.morningstar.com/stocks/xpar/mlmtd/valuation
MLMUL	https://www.morningstar.com/stocks/xpar/mlmul/valuation
MLM24	https://www.morningstar.com/stocks/xlis/mlm24/valuation
MULTI	https://www.morningstar.com/stocks/xosl/multi/valuation
MLMMC	https://www.morningstar.com/stocks/xpar/mlmmc/valuation
MEURV	https://www.morningstar.com/stocks/xbru/meurv/valuation
ALMUN	https://www.morningstar.com/stocks/xpar/almun/valuation
GREV	https://www.morningstar.com/stocks/xpar/grev/valuation
ALMBG	https://www.morningstar.com/stocks/xpar/almbg/valuation
NACON	https://www.morningstar.com/stocks/xpar/nacon/valuation
ALNMR	https://www.morningstar.com/stocks/xpar/alnmr/valuation
NANO	https://www.morningstar.com/stocks/xpar/nano/valuation
NAPA	https://www.morningstar.com/stocks/xosl/napa/valuation
KN	https://www.morningstar.com/stocks/xpar/kn/valuation
MLNAT	https://www.morningstar.com/stocks/xpar/mlnat/valuation
NAVA	https://www.morningstar.com/stocks/xosl/nava/valuation
NAVYA	https://www.morningstar.com/stocks/xpar/navya/valuation
NEDAP	https://www.morningstar.com/stocks/xams/nedap/valuation
NKR	https://www.morningstar.com/stocks/xosl/nkr/valuation
NEL	https://www.morningstar.com/stocks/xosl/nel/valuation
MLNEO	https://www.morningstar.com/stocks/xpar/mlneo/valuation
NEOEN	https://www.morningstar.com/stocks/xpar/neoen/valuation
ALNLF	https://www.morningstar.com/stocks/xpar/alnlf/valuation
NLFBS	https://www.morningstar.com/stocks/xpar/nlfbs/valuation
ALNEV	https://www.morningstar.com/stocks/xpar/alnev/valuation
NEVBS	https://www.morningstar.com/stocks/xpar/nevbs/valuation
NRP	https://www.morningstar.com/stocks/xams/nrp/valuation
ALNTG	https://www.morningstar.com/stocks/xpar/alntg/valuation
NOC	https://www.morningstar.com/stocks/xosl/noc/valuation
MLNEU	https://www.morningstar.com/stocks/xbru/mlneu/valuation
NRO	https://www.morningstar.com/stocks/xpar/nro/valuation
NSE	https://www.morningstar.com/stocks/xams/nse/valuation
NEWAY	https://www.morningstar.com/stocks/xams/neway/valuation
MLNEI	https://www.morningstar.com/stocks/xpar/mlnei/valuation
NEWT	https://www.morningstar.com/stocks/xbru/newt/valuation
NEX	https://www.morningstar.com/stocks/xpar/nex/valuation
NXI	https://www.morningstar.com/stocks/xpar/nxi/valuation
ALNOR	https://www.morningstar.com/stocks/xlis/alnor/valuation
NEXT	https://www.morningstar.com/stocks/xosl/next/valuation
ALNXT	https://www.morningstar.com/stocks/xpar/alnxt/valuation
NEXTS	https://www.morningstar.com/stocks/xpar/nexts/valuation
ALNFL	https://www.morningstar.com/stocks/xpar/alnfl/valuation
COX	https://www.morningstar.com/stocks/xpar/cox/valuation
NISB	https://www.morningstar.com/stocks/xosl/nisb/valuation

NN	https://www.morningstar.com/stocks/xams/nn/valuation
NOKIA	https://www.morningstar.com/stocks/xpar/nokia/valuation
NORBT	https://www.morningstar.com/stocks/xosl/norbt/valuation
NCOD	https://www.morningstar.com/stocks/xosl/ncod/valuation
NORDH	https://www.morningstar.com/stocks/xosl/nordh/valuation
NOAP	https://www.morningstar.com/stocks/xosl/noap/valuation
NOHAL	https://www.morningstar.com/stocks/xosl/nohal/valuation
NOM	https://www.morningstar.com/stocks/xosl/nom/valuation
NANOV	https://www.morningstar.com/stocks/xosl/nanov/valuation
NOD	https://www.morningstar.com/stocks/xosl/nod/valuation
NUMND	https://www.morningstar.com/stocks/xosl/numnd/valuation
NORSE	https://www.morningstar.com/stocks/xosl/norse/valuation
NHY	https://www.morningstar.com/stocks/xosl/nhy/valuation
NSOL	https://www.morningstar.com/stocks/xosl/nsol/valuation
NTI	https://www.morningstar.com/stocks/xosl/nti/valuation
NSKOG	https://www.morningstar.com/stocks/xosl/nskog/valuation
NTEL	https://www.morningstar.com/stocks/xosl/ntel/valuation
NORTH	https://www.morningstar.com/stocks/xosl/north/valuation
NODL	https://www.morningstar.com/stocks/xosl/nodl/valuation
NOL	https://www.morningstar.com/stocks/xosl/nol/valuation
NRS	https://www.morningstar.com/stocks/xosl/nrs/valuation
NAS	https://www.morningstar.com/stocks/xosl/nas/valuation
NOR	https://www.morningstar.com/stocks/xosl/nor/valuation
NOFI	https://www.morningstar.com/stocks/xosl/nofi/valuation
NPRO	https://www.morningstar.com/stocks/xosl/npro/valuation
NOS	https://www.morningstar.com/stocks/xlis/nos/valuation
NBA	https://www.morningstar.com/stocks/xlis/nba/valuation
ALNOV	https://www.morningstar.com/stocks/xpar/alnov/valuation
MLNOV	https://www.morningstar.com/stocks/xpar/mlnov/valuation
NOVI	https://www.morningstar.com/stocks/xams/novi/valuation
ALNOX	https://www.morningstar.com/stocks/xpar/alnox/valuation
NR21	https://www.morningstar.com/stocks/xpar/nr21/valuation
NRC	https://www.morningstar.com/stocks/xosl/nrc/valuation
NRG	https://www.morningstar.com/stocks/xpar/nrg/valuation
ALNSC	https://www.morningstar.com/stocks/xpar/alnsc/valuation
ALNSE	https://www.morningstar.com/stocks/xpar/alnse/valuation
NSI	https://www.morningstar.com/stocks/xams/nsi/valuation
NTS	https://www.morningstar.com/stocks/xosl/nts/valuation
NXFIL	https://www.morningstar.com/stocks/xams/nxfil/valuation
NYR	https://www.morningstar.com/stocks/xbru/nyr/valuation
NYXH	https://www.morningstar.com/stocks/xbru/nyxh/valuation
MLOSA	https://www.morningstar.com/stocks/xpar/mlosa/valuation
ALODI	https://www.morningstar.com/stocks/xpar/alodi/valuation
O2IBS	https://www.morningstar.com/stocks/xpar/o2ibs/valuation
ALOBR	https://www.morningstar.com/stocks/xpar/alobr/valuation
ALBIZ	https://www.morningstar.com/stocks/xpar/albiz/valuation
OBSRV	https://www.morningstar.com/stocks/xosl/obsrv/valuation
OCPET	https://www.morningstar.com/stocks/xbru/ocpet/valuation
OSUN	https://www.morningstar.com/stocks/xosl/osun/valuation
OCY	https://www.morningstar.com/stocks/xosl/ocy/valuation
OTS	https://www.morningstar.com/stocks/xosl/ots/valuation
OCI	https://www.morningstar.com/stocks/xams/oci/valuation
MLOCT	https://www.morningstar.com/stocks/xpar/mloct/valuation
ODL	https://www.morningstar.com/stocks/xosl/odl/valuation
ODF	https://www.morningstar.com/stocks/xosl/odf/valuation
ODFB	https://www.morningstar.com/stocks/xosl/odfb/valuation
SBT	https://www.morningstar.com/stocks/xpar/sbt/valuation
OHT	https://www.morningstar.com/stocks/xosl/oht/valuation
OKEA	https://www.morningstar.com/stocks/xosl/okea/valuation
OET	https://www.morningstar.com/stocks/xosl/oet/valuation
OLG	https://www.morningstar.com/stocks/xpar/olg/valuation
OLT	https://www.morningstar.com/stocks/xosl/olt/valuation

MLORE	https://www.morningstar.com/stocks/xlis/mlore/valuation
ALODC	https://www.morningstar.com/stocks/xpar/alodc/valuation
ALONC	https://www.morningstar.com/stocks/xpar/alonc/valuation
MLOEX	https://www.morningstar.com/stocks/xpar/mloex/valuation
MLONL	https://www.morningstar.com/stocks/xpar/mlonl/valuation
ONTEX	https://www.morningstar.com/stocks/xbru/ontex/valuation
ALONX	https://www.morningstar.com/stocks/xpar/alonx/valuation
ORPH	https://www.morningstar.com/stocks/xdub/orph/valuation


ORA	https://www.morningstar.com/stocks/xpar/ora/valuation
OBEL	https://www.morningstar.com/stocks/xbru/obel/valuation
ORANW	https://www.morningstar.com/stocks/xams/oranw/valuation
ORAP	https://www.morningstar.com/stocks/xpar/orap/valuation
ORAPB	https://www.morningstar.com/stocks/xpar/orapb/valuation
MLORB	https://www.morningstar.com/stocks/xpar/mlorb/valuation
KAZI	https://www.morningstar.com/stocks/xpar/kazi/valuation
ORDI	https://www.morningstar.com/stocks/xams/ordi/valuation
ALORD	https://www.morningstar.com/stocks/xpar/alord/valuation
OREGE	https://www.morningstar.com/stocks/xpar/orege/valuation
ORE	https://www.morningstar.com/stocks/xlis/ore/valuation
OIZ	https://www.morningstar.com/stocks/xdub/oiz/valuation
MLORQ	https://www.morningstar.com/stocks/xpar/mlorq/valuation
ORK	https://www.morningstar.com/stocks/xosl/ork/valuation
ORQ1	https://www.morningstar.com/stocks/xdub/orq1/valuation
ORP	https://www.morningstar.com/stocks/xpar/orp/valuation
OSE	https://www.morningstar.com/stocks/xpar/ose/valuation
ALOSM	https://www.morningstar.com/stocks/xpar/alosm/valuation
OTEC	https://www.morningstar.com/stocks/xosl/otec/valuation
OTOVO	https://www.morningstar.com/stocks/xosl/otovo/valuation
OVXA	https://www.morningstar.com/stocks/xdub/ovxa/valuation
OXUR	https://www.morningstar.com/stocks/xbru/oxur/valuation

MLPAC	https://www.morningstar.com/stocks/xpar/mlpac/valuation
PEN	https://www.morningstar.com/stocks/xosl/pen/valuation

PID	https://www.morningstar.com/stocks/xpar/pid/valuation
PAR	https://www.morningstar.com/stocks/xpar/par/valuation
PARB	https://www.morningstar.com/stocks/xosl/parb/valuation
MLPFX	https://www.morningstar.com/stocks/xpar/mlpfx/valuation
PARRO	https://www.morningstar.com/stocks/xpar/parro/valuation
PABSA	https://www.morningstar.com/stocks/xpar/pabsa/valuation
PABSB	https://www.morningstar.com/stocks/xpar/pabsb/valuation
MLHOP	https://www.morningstar.com/stocks/xpar/mlhop/valuation
MLPRX	https://www.morningstar.com/stocks/xpar/mlprx/valuation
PSAT	https://www.morningstar.com/stocks/xpar/psat/valuation
PSKY	https://www.morningstar.com/stocks/xosl/psky/valuation
PAT	https://www.morningstar.com/stocks/xpar/pat/valuation
ALPTR	https://www.morningstar.com/stocks/xlis/alptr/valuation
ALPAU	https://www.morningstar.com/stocks/xpar/alpau/valuation
PAY	https://www.morningstar.com/stocks/xbru/pay/valuation

PCA	https://www.morningstar.com/stocks/xpar/pca/valuation
PCIB	https://www.morningstar.com/stocks/xosl/pcib/valuation
PACE	https://www.morningstar.com/stocks/xams/pace/valuation
PACEU	https://www.morningstar.com/stocks/xams/paceu/valuation
PACEW	https://www.morningstar.com/stocks/xams/pacew/valuation

PEP	https://www.morningstar.com/stocks/xbru/pep/valuation
IL0A	https://www.morningstar.com/stocks/xdub/il0a/valuation
RI	https://www.morningstar.com/stocks/xpar/ri/valuation
PERR	https://www.morningstar.com/stocks/xpar/perr/valuation
PSH	https://www.morningstar.com/stocks/xams/psh/valuation
PSE	https://www.morningstar.com/stocks/xosl/pse/valuation
P8ET	https://www.morningstar.com/stocks/xdub/p8et/valuation
PNOR	https://www.morningstar.com/stocks/xosl/pnor/valuation
PEUG	https://www.morningstar.com/stocks/xpar/peug/valuation
PEXIP	https://www.morningstar.com/stocks/xosl/pexip/valuation
PGS	https://www.morningstar.com/stocks/xosl/pgs/valuation
PHA	https://www.morningstar.com/stocks/xpar/pha/valuation
ALPHS	https://www.morningstar.com/stocks/xpar/alphs/valuation
PHARM	https://www.morningstar.com/stocks/xams/pharm/valuation
ALPHA	https://www.morningstar.com/stocks/xpar/alpha/valuation
PHR	https://www.morningstar.com/stocks/xlis/phr/valuation
ALPHE	https://www.morningstar.com/stocks/xpar/alphe/valuation
INPHI	https://www.morningstar.com/stocks/xams/inphi/valuation
PHIA	https://www.morningstar.com/stocks/xams/phia/valuation
PHLY	https://www.morningstar.com/stocks/xosl/phly/valuation

MLPHW	https://www.morningstar.com/stocks/xpar/mlphw/valuation
PHO	https://www.morningstar.com/stocks/xosl/pho/valuation
MLPHO	https://www.morningstar.com/stocks/xpar/mlpho/valuation
PIC	https://www.morningstar.com/stocks/xbru/pic/valuation
VAC	https://www.morningstar.com/stocks/xpar/vac/valuation
PPG	https://www.morningstar.com/stocks/xosl/ppg/valuation
ALPDX	https://www.morningstar.com/stocks/xpar/alpdx/valuation
ALPIX	https://www.morningstar.com/stocks/xpar/alpix/valuation
MLPLC	https://www.morningstar.com/stocks/xpar/mlplc/valuation
ALPLA	https://www.morningstar.com/stocks/xpar/alpla/valuation
ALPAT	https://www.morningstar.com/stocks/xpar/alpat/valuation
PATBS	https://www.morningstar.com/stocks/xpar/patbs/valuation
PVL	https://www.morningstar.com/stocks/xpar/pvl/valuation
POM	https://www.morningstar.com/stocks/xpar/pom/valuation
PMG	https://www.morningstar.com/stocks/xosl/pmg/valuation
PLCS	https://www.morningstar.com/stocks/xosl/plcs/valuation
POL	https://www.morningstar.com/stocks/xosl/pol/valuation
PLT	https://www.morningstar.com/stocks/xosl/plt/valuation
PORF	https://www.morningstar.com/stocks/xams/porf/valuation
PNL	https://www.morningstar.com/stocks/xams/pnl/valuation
ALPJT	https://www.morningstar.com/stocks/xpar/alpjt/valuation
ALPOU	https://www.morningstar.com/stocks/xpar/alpou/valuation
POXEL	https://www.morningstar.com/stocks/xpar/poxel/valuation
PPLAA	https://www.morningstar.com/stocks/xams/pplaa/valuation
PPLAB	https://www.morningstar.com/stocks/xams/pplab/valuation
PPLA	https://www.morningstar.com/stocks/xams/ppla/valuation
PREC	https://www.morningstar.com/stocks/xpar/prec/valuation
ALPRE	https://www.morningstar.com/stocks/xpar/alpre/valuation
ALPRI	https://www.morningstar.com/stocks/xpar/alpri/valuation
PROAC	https://www.morningstar.com/stocks/xpar/proac/valuation
ALPRO	https://www.morningstar.com/stocks/xpar/alpro/valuation
PWG	https://www.morningstar.com/stocks/xpar/pwg/valuation
PROL	https://www.morningstar.com/stocks/xpar/prol/valuation
PROBT	https://www.morningstar.com/stocks/xpar/probt/valuation
MLPRI	https://www.morningstar.com/stocks/xpar/mlpri/valuation
PRS	https://www.morningstar.com/stocks/xosl/prs/valuation
PSMP	https://www.morningstar.com/stocks/xbru/psmp/valuation
PRX	https://www.morningstar.com/stocks/xams/prx/valuation
PROT	https://www.morningstar.com/stocks/xosl/prot/valuation
MLPRO	https://www.morningstar.com/stocks/xpar/mlpro/valuation
PZQA	https://www.morningstar.com/stocks/xdub/pzqa/valuation
PROXI	https://www.morningstar.com/stocks/xosl/proxi/valuation
PROX	https://www.morningstar.com/stocks/xbru/prox/valuation
PRYME	https://www.morningstar.com/stocks/xosl/pryme/valuation
PUBBS	https://www.morningstar.com/stocks/xpar/pubbs/valuation
PUB	https://www.morningstar.com/stocks/xpar/pub/valuation
QFR	https://www.morningstar.com/stocks/xosl/qfr/valuation
QRF	https://www.morningstar.com/stocks/xbru/qrf/valuation
QDT	https://www.morningstar.com/stocks/xpar/qdt/valuation
ALQP	https://www.morningstar.com/stocks/xpar/alqp/valuation
QFUEL	https://www.morningstar.com/stocks/xosl/qfuel/valuation
ALQGC	https://www.morningstar.com/stocks/xpar/alqgc/valuation
QEC	https://www.morningstar.com/stocks/xosl/qec/valuation
QFG	https://www.morningstar.com/stocks/xbru/qfg/valuation
ALQWA	https://www.morningstar.com/stocks/xpar/alqwa/valuation
QWABS	https://www.morningstar.com/stocks/xpar/qwabs/valuation
R8P	https://www.morningstar.com/stocks/xosl/r8p/valuation
MLRZE	https://www.morningstar.com/stocks/xlis/mlrze/valuation
RAKP	https://www.morningstar.com/stocks/xosl/rakp/valuation
RAL	https://www.morningstar.com/stocks/xpar/ral/valuation
RAM	https://www.morningstar.com/stocks/xlis/ram/valuation
GDS	https://www.morningstar.com/stocks/xpar/gds/valuation
RANA	https://www.morningstar.com/stocks/xosl/rana/valuation
RAND	https://www.morningstar.com/stocks/xams/rand/valuation
ALRPD	https://www.morningstar.com/stocks/xpar/alrpd/valuation
ML350	https://www.morningstar.com/stocks/xpar/ml350/valuation
REACH	https://www.morningstar.com/stocks/xosl/reach/valuation
REAL	https://www.morningstar.com/stocks/xbru/real/valuation
ALREA	https://www.morningstar.com/stocks/xpar/alrea/valuation
RECSI	https://www.morningstar.com/stocks/xosl/recsi/valuation
REC	https://www.morningstar.com/stocks/xbru/rec/valuation
RX	https://www.morningstar.com/stocks/xpar/rx/valuation
RED	https://www.morningstar.com/stocks/xlis/red/valuation
REI	https://www.morningstar.com/stocks/xbru/rei/valuation
REINA	https://www.morningstar.com/stocks/xams/reina/valuation
REN	https://www.morningstar.com/stocks/xams/ren/valuation
RCO	https://www.morningstar.com/stocks/xpar/rco/valuation
RENE	https://www.morningstar.com/stocks/xlis/rene/valuation
RNO	https://www.morningstar.com/stocks/xpar/rno/valuation
RWI	https://www.morningstar.com/stocks/xams/rwi/valuation
MLJDL	https://www.morningstar.com/stocks/xpar/mljdl/valuation
RES	https://www.morningstar.com/stocks/xbru/res/valuation
RET	https://www.morningstar.com/stocks/xbru/ret/valuation
MLREX	https://www.morningstar.com/stocks/xpar/mlrex/valuation
ALREW	https://www.morningstar.com/stocks/xpar/alrew/valuation
RXL	https://www.morningstar.com/stocks/xpar/rxl/valuation
ALRIB	https://www.morningstar.com/stocks/xpar/alrib/valuation
RIVER	https://www.morningstar.com/stocks/xosl/river/valuation
RBT	https://www.morningstar.com/stocks/xpar/rbt/valuation
CBR	https://www.morningstar.com/stocks/xpar/cbr/valuation
CBE	https://www.morningstar.com/stocks/xpar/cbe/valuation
RBO	https://www.morningstar.com/stocks/xpar/rbo/valuation
ALROC	https://www.morningstar.com/stocks/xpar/alroc/valuation
ROCBS	https://www.morningstar.com/stocks/xpar/rocbs/valuation
ROCBT	https://www.morningstar.com/stocks/xpar/rocbt/valuation

ROM	https://www.morningstar.com/stocks/xosl/rom/valuation
ROMSB	https://www.morningstar.com/stocks/xosl/romsb/valuation
ROOD	https://www.morningstar.com/stocks/xams/rood/valuation
ENGB	https://www.morningstar.com/stocks/xbru/engb/valuation
ROTH	https://www.morningstar.com/stocks/xpar/roth/valuation

ALRGR	https://www.morningstar.com/stocks/xpar/alrgr/valuation
ROU	https://www.morningstar.com/stocks/xbru/rou/valuation
MLROU	https://www.morningstar.com/stocks/xpar/mlrou/valuation
RDSA	https://www.morningstar.com/stocks/xams/rdsa/valuation
RDSB	https://www.morningstar.com/stocks/xams/rdsb/valuation
MLRSR	https://www.morningstar.com/stocks/xlis/mlrsr/valuation
RUI	https://www.morningstar.com/stocks/xpar/rui/valuation
RY4C	https://www.morningstar.com/stocks/xdub/ry4c/valuation
SCB	https://www.morningstar.com/stocks/xlis/scb/valuation
SK	https://www.morningstar.com/stocks/xpar/sk/valuation
ALSAF	https://www.morningstar.com/stocks/xpar/alsaf/valuation
SAF	https://www.morningstar.com/stocks/xpar/saf/valuation
ALWOO	https://www.morningstar.com/stocks/xpar/alwoo/valuation
SAGA	https://www.morningstar.com/stocks/xosl/saga/valuation
SGO	https://www.morningstar.com/stocks/xpar/sgo/valuation
SABE	https://www.morningstar.com/stocks/xpar/sabe/valuation
SALM	https://www.morningstar.com/stocks/xosl/salm/valuation
SALME	https://www.morningstar.com/stocks/xosl/salme/valuation
SACAM	https://www.morningstar.com/stocks/xosl/sacam/valuation
SAMS	https://www.morningstar.com/stocks/xpar/sams/valuation
SADG	https://www.morningstar.com/stocks/xosl/sadg/valuation
SAN	https://www.morningstar.com/stocks/xpar/san/valuation
ALMER	https://www.morningstar.com/stocks/xpar/almer/valuation
DIM	https://www.morningstar.com/stocks/xpar/dim/valuation
SASNO	https://www.morningstar.com/stocks/xosl/sasno/valuation
SATS	https://www.morningstar.com/stocks/xosl/sats/valuation
SAVE	https://www.morningstar.com/stocks/xpar/save/valuation
MLSDN	https://www.morningstar.com/stocks/xpar/mlsdn/valuation
SBANK	https://www.morningstar.com/stocks/xosl/sbank/valuation
SBMO	https://www.morningstar.com/stocks/xams/sbmo/valuation
MLSBT	https://www.morningstar.com/stocks/xpar/mlsbt/valuation
SCANA	https://www.morningstar.com/stocks/xosl/scana/valuation
MLSHD	https://www.morningstar.com/stocks/xpar/mlshd/valuation
SCATC	https://www.morningstar.com/stocks/xosl/scatc/valuation
CBSM	https://www.morningstar.com/stocks/xpar/cbsm/valuation
MLCMI	https://www.morningstar.com/stocks/xpar/mlcmi/valuation
SCHD	https://www.morningstar.com/stocks/xbru/schd/valuation
SCHA	https://www.morningstar.com/stocks/xosl/scha/valuation
SCHB	https://www.morningstar.com/stocks/xosl/schb/valuation
SLB	https://www.morningstar.com/stocks/xpar/slb/valuation
SU	https://www.morningstar.com/stocks/xpar/su/valuation
MLSCH	https://www.morningstar.com/stocks/xpar/mlsch/valuation
SCR	https://www.morningstar.com/stocks/xpar/scr/valuation

SDSD	https://www.morningstar.com/stocks/xosl/sdsd/valuation
SBX	https://www.morningstar.com/stocks/xosl/sbx/valuation
SDRL	https://www.morningstar.com/stocks/xosl/sdrl/valuation
SCHP	https://www.morningstar.com/stocks/xpar/schp/valuation
SGRO	https://www.morningstar.com/stocks/xpar/sgro/valuation
ALSEI	https://www.morningstar.com/stocks/xpar/alsei/valuation
SLCO	https://www.morningstar.com/stocks/xpar/slco/valuation
SELER	https://www.morningstar.com/stocks/xpar/seler/valuation
SSG	https://www.morningstar.com/stocks/xosl/ssg/valuation
SBO	https://www.morningstar.com/stocks/xosl/sbo/valuation
SEM	https://www.morningstar.com/stocks/xlis/sem/valuation
MLSMP	https://www.morningstar.com/stocks/xpar/mlsmp/valuation
ALSEN	https://www.morningstar.com/stocks/xpar/alsen/valuation
MLSEQ	https://www.morningstar.com/stocks/xpar/mlseq/valuation
SEQUA	https://www.morningstar.com/stocks/xbru/sequa/valuation
SEFER	https://www.morningstar.com/stocks/xpar/sefer/valuation
ALSER	https://www.morningstar.com/stocks/xpar/alser/valuation
SESG	https://www.morningstar.com/stocks/xpar/sesg/valuation
SESL	https://www.morningstar.com/stocks/xpar/sesl/valuation
STTL	https://www.morningstar.com/stocks/xbru/sttl/valuation
SHLF	https://www.morningstar.com/stocks/xosl/shlf/valuation
SRP	https://www.morningstar.com/stocks/xpar/srp/valuation
SHUR	https://www.morningstar.com/stocks/xbru/shur/valuation
ALBFR	https://www.morningstar.com/stocks/xpar/albfr/valuation
SIOFF	https://www.morningstar.com/stocks/xosl/sioff/valuation
SIA	https://www.morningstar.com/stocks/xbru/sia/valuation
SIFG	https://www.morningstar.com/stocks/xams/sifg/valuation
ALGIR	https://www.morningstar.com/stocks/xpar/algir/valuation
LIGHT	https://www.morningstar.com/stocks/xams/light/valuation
SII	https://www.morningstar.com/stocks/xpar/sii/valuation
SIKRI	https://www.morningstar.com/stocks/xosl/sikri/valuation
MLSIL	https://www.morningstar.com/stocks/xpar/mlsil/valuation
MLMAT	https://www.morningstar.com/stocks/xpar/mlmat/valuation

MLSIM	https://www.morningstar.com/stocks/xpar/mlsim/valuation
MLSNT	https://www.morningstar.com/stocks/xpar/mlsnt/valuation
SIP	https://www.morningstar.com/stocks/xbru/sip/valuation
SKAND	https://www.morningstar.com/stocks/xosl/skand/valuation
SKI	https://www.morningstar.com/stocks/xosl/ski/valuation
SKUE	https://www.morningstar.com/stocks/xosl/skue/valuation
SLIGR	https://www.morningstar.com/stocks/xams/sligr/valuation
MLSML	https://www.morningstar.com/stocks/xpar/mlsml/valuation
SMLBS	https://www.morningstar.com/stocks/xpar/smlbs/valuation
SMCRT	https://www.morningstar.com/stocks/xosl/smcrt/valuation
SMOP	https://www.morningstar.com/stocks/xosl/smop/valuation
SMAR	https://www.morningstar.com/stocks/xbru/smar/valuation
SMCP	https://www.morningstar.com/stocks/xpar/smcp/valuation
SMTPC	https://www.morningstar.com/stocks/xpar/smtpc/valuation
SK3	https://www.morningstar.com/stocks/xdub/sk3/valuation

SNOW	https://www.morningstar.com/stocks/xams/snow/valuation
SFCA	https://www.morningstar.com/stocks/xpar/sfca/valuation
GLE	https://www.morningstar.com/stocks/xpar/gle/valuation

SW	https://www.morningstar.com/stocks/xpar/sw/valuation
SEC	https://www.morningstar.com/stocks/xpar/sec/valuation
SOF	https://www.morningstar.com/stocks/xbru/sof/valuation
SOFT	https://www.morningstar.com/stocks/xbru/soft/valuation
SOFTX	https://www.morningstar.com/stocks/xosl/softx/valuation
SOG	https://www.morningstar.com/stocks/xpar/sog/valuation
SOGN	https://www.morningstar.com/stocks/xosl/sogn/valuation
SOI	https://www.morningstar.com/stocks/xpar/soi/valuation
LOCAL	https://www.morningstar.com/stocks/xpar/local/valuation
SOLON	https://www.morningstar.com/stocks/xosl/solon/valuation
SOFF	https://www.morningstar.com/stocks/xosl/soff/valuation
S30	https://www.morningstar.com/stocks/xpar/s30/valuation
SOLV	https://www.morningstar.com/stocks/xbru/solv/valuation
SOLB	https://www.morningstar.com/stocks/xbru/solb/valuation

SO	https://www.morningstar.com/stocks/xpar/so/valuation
SON	https://www.morningstar.com/stocks/xlis/son/valuation
SONI	https://www.morningstar.com/stocks/xlis/soni/valuation
SNC	https://www.morningstar.com/stocks/xlis/snc/valuation
SNG	https://www.morningstar.com/stocks/xlis/sng/valuation
SOHO	https://www.morningstar.com/stocks/xosl/soho/valuation
SOP	https://www.morningstar.com/stocks/xpar/sop/valuation
SPA	https://www.morningstar.com/stocks/xbru/spa/valuation
MING	https://www.morningstar.com/stocks/xosl/ming/valuation
SRBNK	https://www.morningstar.com/stocks/xosl/srbnk/valuation
SOON	https://www.morningstar.com/stocks/xosl/soon/valuation
MORG	https://www.morningstar.com/stocks/xosl/morg/valuation
SOR	https://www.morningstar.com/stocks/xosl/sor/valuation
SVEG	https://www.morningstar.com/stocks/xosl/sveg/valuation
SPOG	https://www.morningstar.com/stocks/xosl/spog/valuation
SNOR	https://www.morningstar.com/stocks/xosl/snor/valuation
SPOL	https://www.morningstar.com/stocks/xosl/spol/valuation
HELG	https://www.morningstar.com/stocks/xosl/helg/valuation
NONG	https://www.morningstar.com/stocks/xosl/nong/valuation
RING	https://www.morningstar.com/stocks/xosl/ring/valuation
SOAG	https://www.morningstar.com/stocks/xosl/soag/valuation
MLSRP	https://www.morningstar.com/stocks/xpar/mlsrp/valuation
SPIE	https://www.morningstar.com/stocks/xpar/spie/valuation
ALSGD	https://www.morningstar.com/stocks/xpar/alsgd/valuation
SGDBS	https://www.morningstar.com/stocks/xpar/sgdbs/valuation
ALSPW	https://www.morningstar.com/stocks/xpar/alspw/valuation
SCP	https://www.morningstar.com/stocks/xlis/scp/valuation
SQI	https://www.morningstar.com/stocks/xpar/sqi/valuation
DPT	https://www.morningstar.com/stocks/xpar/dpt/valuation


STATT	https://www.morningstar.com/stocks/xosl/statt/valuation
STF	https://www.morningstar.com/stocks/xpar/stf/valuation
STLA	https://www.morningstar.com/stocks/xpar/stla/valuation
STRN	https://www.morningstar.com/stocks/xams/strn/valuation
STM	https://www.morningstar.com/stocks/xpar/stm/valuation
SNI	https://www.morningstar.com/stocks/xosl/sni/valuation
STB	https://www.morningstar.com/stocks/xosl/stb/valuation
ALSAS	https://www.morningstar.com/stocks/xpar/alsas/valuation
ALSTW	https://www.morningstar.com/stocks/xpar/alstw/valuation
STWDS	https://www.morningstar.com/stocks/xpar/stwds/valuation
MLSTR	https://www.morningstar.com/stocks/xpar/mlstr/valuation
STRO	https://www.morningstar.com/stocks/xosl/stro/valuation
SUBC	https://www.morningstar.com/stocks/xosl/subc/valuation
SEV	https://www.morningstar.com/stocks/xpar/sev/valuation
MLSUM	https://www.morningstar.com/stocks/xpar/mlsum/valuation
SUNSB	https://www.morningstar.com/stocks/xosl/sunsb/valuation

SWP	https://www.morningstar.com/stocks/xpar/swp/valuation
SDG	https://www.morningstar.com/stocks/xpar/sdg/valuation
AIID	https://www.morningstar.com/stocks/xdub/aiid/valuation

TRVX	https://www.morningstar.com/stocks/xosl/trvx/valuation
TKTT	https://www.morningstar.com/stocks/xpar/tktt/valuation
TAYN	https://www.morningstar.com/stocks/xpar/tayn/valuation
MLTEA	https://www.morningstar.com/stocks/xpar/mltea/valuation
TECBS	https://www.morningstar.com/stocks/xpar/tecbs/valuation
TCH	https://www.morningstar.com/stocks/xpar/tch/valuation
TE	https://www.morningstar.com/stocks/xpar/te/valuation
FTI	https://www.morningstar.com/stocks/xpar/fti/valuation
TECH	https://www.morningstar.com/stocks/xosl/tech/valuation
TECO	https://www.morningstar.com/stocks/xosl/teco/valuation
TDSA	https://www.morningstar.com/stocks/xlis/tdsa/valuation
TEKNA	https://www.morningstar.com/stocks/xosl/tekna/valuation
TIT	https://www.morningstar.com/stocks/xbru/tit/valuation
TFA	https://www.morningstar.com/stocks/xbru/tfa/valuation
TNET	https://www.morningstar.com/stocks/xbru/tnet/valuation
TEL	https://www.morningstar.com/stocks/xosl/tel/valuation
TEP	https://www.morningstar.com/stocks/xpar/tep/valuation
TVRB	https://www.morningstar.com/stocks/xpar/tvrb/valuation
MLVST	https://www.morningstar.com/stocks/xpar/mlvst/valuation
TERB	https://www.morningstar.com/stocks/xbru/terb/valuation
TCO	https://www.morningstar.com/stocks/xdub/tco/valuation
TESB	https://www.morningstar.com/stocks/xbru/tesb/valuation
TES	https://www.morningstar.com/stocks/xpar/tes/valuation
TFG	https://www.morningstar.com/stocks/xams/tfg/valuation

TEXF	https://www.morningstar.com/stocks/xbru/texf/valuation
TFI	https://www.morningstar.com/stocks/xpar/tfi/valuation
TFF	https://www.morningstar.com/stocks/xpar/tff/valuation
TGS	https://www.morningstar.com/stocks/xosl/tgs/valuation
HO	https://www.morningstar.com/stocks/xpar/ho/valuation
ALTBG	https://www.morningstar.com/stocks/xpar/altbg/valuation
KING	https://www.morningstar.com/stocks/xosl/king/valuation
NVG	https://www.morningstar.com/stocks/xlis/nvg/valuation
ALTHE	https://www.morningstar.com/stocks/xpar/althe/valuation
ALTER	https://www.morningstar.com/stocks/xpar/alter/valuation
ALTHX	https://www.morningstar.com/stocks/xpar/althx/valuation
ALVET	https://www.morningstar.com/stocks/xpar/alvet/valuation
THEP	https://www.morningstar.com/stocks/xpar/thep/valuation
TBIRD	https://www.morningstar.com/stocks/xams/tbird/valuation
TIE	https://www.morningstar.com/stocks/xams/tie/valuation
TIETO	https://www.morningstar.com/stocks/xosl/tieto/valuation
TKO	https://www.morningstar.com/stocks/xpar/tko/valuation
TINC	https://www.morningstar.com/stocks/xbru/tinc/valuation
TIPI	https://www.morningstar.com/stocks/xpar/tipi/valuation
TISN	https://www.morningstar.com/stocks/xbru/tisn/valuation

TITC	https://www.morningstar.com/stocks/xbru/titc/valuation
ALTIV	https://www.morningstar.com/stocks/xpar/altiv/valuation
TWEKA	https://www.morningstar.com/stocks/xams/tweka/valuation
TOM	https://www.morningstar.com/stocks/xosl/tom/valuation
TOM2	https://www.morningstar.com/stocks/xams/tom2/valuation
ALTLX	https://www.morningstar.com/stocks/xpar/altlx/valuation
MLTBM	https://www.morningstar.com/stocks/xpar/mltbm/valuation
EC	https://www.morningstar.com/stocks/xpar/ec/valuation
T7O	https://www.morningstar.com/stocks/xdub/t7o/valuation
TTE	https://www.morningstar.com/stocks/xpar/tte/valuation
TOTG	https://www.morningstar.com/stocks/xosl/totg/valuation
TOUP	https://www.morningstar.com/stocks/xpar/toup/valuation
EIFF	https://www.morningstar.com/stocks/xpar/eiff/valuation
MLABO	https://www.morningstar.com/stocks/xpar/mlabo/valuation
SCT	https://www.morningstar.com/stocks/xlis/sct/valuation

MLPSH	https://www.morningstar.com/stocks/xpar/mlpsh/valuation
MLTRA	https://www.morningstar.com/stocks/xpar/mltra/valuation
TNG	https://www.morningstar.com/stocks/xpar/tng/valuation
TRAN	https://www.morningstar.com/stocks/xpar/tran/valuation
TRE	https://www.morningstar.com/stocks/xosl/tre/valuation
TRI	https://www.morningstar.com/stocks/xpar/tri/valuation
ALTRI	https://www.morningstar.com/stocks/xpar/altri/valuation
MLTRO	https://www.morningstar.com/stocks/xpar/mltro/valuation
ALTRO	https://www.morningstar.com/stocks/xpar/altro/valuation
ALTTI	https://www.morningstar.com/stocks/xpar/altti/valuation

TUB	https://www.morningstar.com/stocks/xbru/tub/valuation
TQW	https://www.morningstar.com/stocks/xdub/tqw/valuation
ALTXC	https://www.morningstar.com/stocks/xpar/altxc/valuation
TYSB	https://www.morningstar.com/stocks/xosl/tysb/valuation
ALU10	https://www.morningstar.com/stocks/xpar/alu10/valuation
UBI	https://www.morningstar.com/stocks/xpar/ubi/valuation
ALUCR	https://www.morningstar.com/stocks/xpar/alucr/valuation
PNSB	https://www.morningstar.com/stocks/xbru/pnsb/valuation
UCB	https://www.morningstar.com/stocks/xbru/ucb/valuation
ULTI	https://www.morningstar.com/stocks/xosl/ulti/valuation
MLUMG	https://www.morningstar.com/stocks/xpar/mlumg/valuation
ALUMS	https://www.morningstar.com/stocks/xpar/alums/valuation
UMI	https://www.morningstar.com/stocks/xbru/umi/valuation
MLUMH	https://www.morningstar.com/stocks/xpar/mlumh/valuation
URW	https://www.morningstar.com/stocks/xams/urw/valuation
UNBL	https://www.morningstar.com/stocks/xpar/unbl/valuation
UPG	https://www.morningstar.com/stocks/xbru/upg/valuation
UNA	https://www.morningstar.com/stocks/xams/una/valuation
UFF	https://www.morningstar.com/stocks/xpar/uff/valuation
UNPA	https://www.morningstar.com/stocks/xbru/unpa/valuation
FPG	https://www.morningstar.com/stocks/xpar/fpg/valuation
UPR	https://www.morningstar.com/stocks/xdub/upr/valuation
ALUNT	https://www.morningstar.com/stocks/xpar/alunt/valuation
ALUPG	https://www.morningstar.com/stocks/xpar/alupg/valuation

ALUVI	https://www.morningstar.com/stocks/xpar/aluvi/valuation
VLK	https://www.morningstar.com/stocks/xams/vlk/valuation
VAF	https://www.morningstar.com/stocks/xlis/vaf/valuation
VACC	https://www.morningstar.com/stocks/xosl/vacc/valuation
ALVAL	https://www.morningstar.com/stocks/xpar/alval/valuation
FR	https://www.morningstar.com/stocks/xpar/fr/valuation
VK	https://www.morningstar.com/stocks/xpar/vk/valuation
VKBS	https://www.morningstar.com/stocks/xpar/vkbs/valuation
VLA	https://www.morningstar.com/stocks/xpar/vla/valuation
MLVAL	https://www.morningstar.com/stocks/xpar/mlval/valuation
VALUE	https://www.morningstar.com/stocks/xams/value/valuation
PREVA	https://www.morningstar.com/stocks/xams/preva/valuation
VAN	https://www.morningstar.com/stocks/xbru/van/valuation
VASTN	https://www.morningstar.com/stocks/xams/vastn/valuation
VASTB	https://www.morningstar.com/stocks/xbru/vastb/valuation

VEI	https://www.morningstar.com/stocks/xosl/vei/valuation
ALVU	https://www.morningstar.com/stocks/xpar/alvu/valuation
VIE	https://www.morningstar.com/stocks/xpar/vie/valuation
VEON	https://www.morningstar.com/stocks/xams/veon/valuation
VRLA	https://www.morningstar.com/stocks/xpar/vrla/valuation
ALVER	https://www.morningstar.com/stocks/xpar/alver/valuation
VMX	https://www.morningstar.com/stocks/xpar/vmx/valuation
VERIZ	https://www.morningstar.com/stocks/xbru/veriz/valuation
MLVER	https://www.morningstar.com/stocks/xpar/mlver/valuation
VETO	https://www.morningstar.com/stocks/xpar/veto/valuation
VGP	https://www.morningstar.com/stocks/xbru/vgp/valuation
ALVIA	https://www.morningstar.com/stocks/xpar/alvia/valuation
VCT	https://www.morningstar.com/stocks/xpar/vct/valuation
VDLO	https://www.morningstar.com/stocks/xpar/vdlo/valuation
VIL	https://www.morningstar.com/stocks/xpar/vil/valuation
RIN	https://www.morningstar.com/stocks/xpar/rin/valuation
DG	https://www.morningstar.com/stocks/xpar/dg/valuation
VIO	https://www.morningstar.com/stocks/xbru/vio/valuation
VIRP	https://www.morningstar.com/stocks/xpar/virp/valuation
ALVIV	https://www.morningstar.com/stocks/xpar/alviv/valuation
VIVBS	https://www.morningstar.com/stocks/xpar/vivbs/valuation
MLVIS	https://www.morningstar.com/stocks/xpar/mlvis/valuation
SDT	https://www.morningstar.com/stocks/xpar/sdt/valuation
VMGBS	https://www.morningstar.com/stocks/xpar/vmgbs/valuation
ALVMG	https://www.morningstar.com/stocks/xpar/alvmg/valuation
VMGBT	https://www.morningstar.com/stocks/xpar/vmgbt/valuation
VISTN	https://www.morningstar.com/stocks/xosl/vistn/valuation
VTR	https://www.morningstar.com/stocks/xpar/vtr/valuation
VIV	https://www.morningstar.com/stocks/xpar/viv/valuation
VVY	https://www.morningstar.com/stocks/xams/vvy/valuation
ALVGO	https://www.morningstar.com/stocks/xpar/alvgo/valuation

VWA	https://www.morningstar.com/stocks/xbru/vwa/valuation
VWAP	https://www.morningstar.com/stocks/xbru/vwap/valuation
VTA	https://www.morningstar.com/stocks/xams/vta/valuation
VLTSA	https://www.morningstar.com/stocks/xpar/vltsa/valuation
VOLUE	https://www.morningstar.com/stocks/xosl/volue/valuation
ALVTX	https://www.morningstar.com/stocks/xpar/alvtx/valuation

VPK	https://www.morningstar.com/stocks/xams/vpk/valuation
VVL	https://www.morningstar.com/stocks/xosl/vvl/valuation
VOW	https://www.morningstar.com/stocks/xosl/vow/valuation
ALVDM	https://www.morningstar.com/stocks/xpar/alvdm/valuation
6VR	https://www.morningstar.com/stocks/xdub/6vr/valuation
VRAP	https://www.morningstar.com/stocks/xpar/vrap/valuation
MLVRF	https://www.morningstar.com/stocks/xpar/mlvrf/valuation
WAWI	https://www.morningstar.com/stocks/xosl/wawi/valuation
ALLIX	https://www.morningstar.com/stocks/xpar/allix/valuation
WEB	https://www.morningstar.com/stocks/xbru/web/valuation
WAVE	https://www.morningstar.com/stocks/xpar/wave/valuation
WDP	https://www.morningstar.com/stocks/xbru/wdp/valuation
ALWEC	https://www.morningstar.com/stocks/xpar/alwec/valuation
MLWEA	https://www.morningstar.com/stocks/xpar/mlwea/valuation
WSTEP	https://www.morningstar.com/stocks/xosl/wstep/valuation
ALWED	https://www.morningstar.com/stocks/xpar/alwed/valuation
MLWEL	https://www.morningstar.com/stocks/xpar/mlwel/valuation
MF	https://www.morningstar.com/stocks/xpar/mf/valuation
WHA	https://www.morningstar.com/stocks/xams/wha/valuation
WEHB	https://www.morningstar.com/stocks/xbru/wehb/valuation
MLWEY	https://www.morningstar.com/stocks/xpar/mlwey/valuation

MLWRC	https://www.morningstar.com/stocks/xpar/mlwrc/valuation
WWI	https://www.morningstar.com/stocks/xosl/wwi/valuation
WWIB	https://www.morningstar.com/stocks/xosl/wwib/valuation
WILS	https://www.morningstar.com/stocks/xosl/wils/valuation
ALWF	https://www.morningstar.com/stocks/xpar/alwf/valuation
ALWIT	https://www.morningstar.com/stocks/xpar/alwit/valuation
WOLE	https://www.morningstar.com/stocks/xbru/wole/valuation
WOLS	https://www.morningstar.com/stocks/xbru/wols/valuation
WKL	https://www.morningstar.com/stocks/xams/wkl/valuation
WLN	https://www.morningstar.com/stocks/xpar/wln/valuation
XFAB	https://www.morningstar.com/stocks/xpar/xfab/valuation
XIL	https://www.morningstar.com/stocks/xpar/xil/valuation
XIOR	https://www.morningstar.com/stocks/xbru/xior/valuation
XPLRA	https://www.morningstar.com/stocks/xosl/xplra/valuation
XXL	https://www.morningstar.com/stocks/xosl/xxl/valuation
YAR	https://www.morningstar.com/stocks/xosl/yar/valuation
YATRA	https://www.morningstar.com/stocks/xams/yatra/valuation
YEW	https://www.morningstar.com/stocks/xdub/yew/valuation
ZAL	https://www.morningstar.com/stocks/xosl/zal/valuation
ZAP	https://www.morningstar.com/stocks/xosl/zap/valuation
MLZAM	https://www.morningstar.com/stocks/xpar/mlzam/valuation
CV	https://www.morningstar.com/stocks/xpar/cv/valuation
ZENA	https://www.morningstar.com/stocks/xosl/zena/valuation
ZEN	https://www.morningstar.com/stocks/xbru/zen/valuation
ZWIPE	https://www.morningstar.com/stocks/xosl/zwipe/valuation
ORN	https://www.morningstar.com/stocks/xosl/orn/valuation

